window_start	entropy_nose	entropy_left_wrist	entropy_right_wrist	entropy_shoulders	postural_stability	velocity_nose	velocity_left_wrist	velocity_right_wrist	gaze_proxy	symmetry	state
0	0.01426098349	0.04646030053	0.07485661332	0.002054855041	0.001106126592	0.02290835593	0.03633208475	0.03212535593	0.02290835593	0.002885629316	N
5	0.01458530696	0.04447066925	0.0555980174	0.002685285558	0.001218201646	0.02341820339	0.04029289831	0.02989677966	0.02341820339	0.002973121515	N
10	0.01098032927	0.04063132364	0.07079509553	0.002298620071	0.0009287909852	0.024766	0.04478742373	0.03041688136	0.024766	0.003104017583	N
15	0.005206477244	0.04133251244	0.07414093796	0.001804541531	0.0004597679364	0.02226023729	0.04461564407	0.03312357627	0.02226023729	0.002663978518	N
20	0.004057858359	0.0391396728	0.07908367637	0.001774658107	0.0004101487288	0.01480238983	0.03459708475	0.02754325424	0.01480238983	0.0004768710366	N
25	0.004166776923	0.03704455506	0.0684348343	0.001902995193	0.0001945244236	0.01472835593	0.039788	0.02630362712	0.01472835593	0.0009888554169	N
30	0.004791191555	0.03402929965	0.05843531995	0.002090106807	0.0001716826407	0.0132420339	0.04025757627	0.02706984746	0.0132420339	0.0007393632926	N
35	0.00684341581	0.03511260667	0.06972545909	0.001462586369	0.0002898838108	0.01372457627	0.03867164407	0.02644805085	0.01372457627	0.0006311655966	N
40	0.007303547456	0.03508449638	0.084972523	0.0008048235055	0.0004297692737	0.01593415254	0.04623537288	0.0299119322	0.01593415254	0.001917832658	N
45	0.007041447301	0.03439853275	0.08597456849	0.0009117872691	0.0004506991666	0.01477384746	0.04280371186	0.02646825424	0.01477384746	0.002083013323	N
50	0.005974675556	0.03502846695	0.09570235122	0.001095498025	0.0004339610094	0.01544608475	0.04015127119	0.02627437288	0.01544608475	0.001101279844	N
55	0.004612370473	0.03188794898	0.1098997309	0.0006965092442	0.0004450932266	0.01410016949	0.03520230508	0.02503467797	0.01410016949	0.000612994557	N
60	0.004210811674	0.02675458693	0.1214902324	0.0006726822557	0.0005426561805	0.01106325424	0.03386489831	0.02431866102	0.01106325424	0.0009554015507	N
65	0.008621824501	0.02886805681	0.1064893181	0.00356667056	0.0006290166433	0.02163362712	0.03891911864	0.02787266102	0.02163362712	0.0006892100814	N
70	0.009010316426	0.03029238411	0.105920144	0.003874961348	0.000658457524	0.02103205085	0.02827071186	0.0251179322	0.02103205085	0.0009726100493	N
75	0.009904112459	0.03418870254	0.1011815833	0.004255899326	0.000601732367	0.02149264407	0.02883433898	0.02562262712	0.02149264407	0.001042514692	N
80	0.01101976714	0.04012015225	0.06630962744	0.004114111578	0.000549950425	0.02606825424	0.02853301695	0.02918157627	0.02606825424	0.0005766680085	N
85	0.01080001015	0.03785797603	0.05259023254	0.00353438458	0.0005936619436	0.02848345763	0.03120859322	0.02974481356	0.02848345763	0.0004356573512	N
90	0.01171244336	0.04131448327	0.06270729807	0.003118921597	0.0006074421085	0.02704564407	0.03163652542	0.03109267797	0.02704564407	0.0005126688099	N
95	0.009153309759	0.04239922615	0.05807668259	0.001699942674	0.0004580153426	0.01675798305	0.02583864407	0.02589933898	0.01675798305	0.0001591797002	N
100	0.008097568739	0.03972168779	0.06928623005	0.001430177634	0.0004715066548	0.01613101695	0.02498759322	0.025728	0.01613101695	0.0002212427165	N
105	0.00704512315	0.03589148462	0.08062857344	0.00120280335	0.0005621989804	0.01421366102	0.02676049153	0.02722055932	0.01421366102	0.0002347703658	N
110	0.005186648549	0.01935899719	0.07414052706	0.000748773944	0.0005941777378	0.009081966102	0.029403	0.024737	0.009081966102	0.0005125369151	N
115	0.003453566899	0.01282021177	0.06758045743	0.0004650109709	0.0006209907738	0.008021627119	0.02784118644	0.0227710339	0.008021627119	0.0001536553675	N
120	0.00264978184	0.01825677182	0.07561598146	0.0004230430784	0.0004815958763	0.008940830508	0.02783098305	0.02171159322	0.008940830508	7.78E-05	N
125	0.001597886597	0.02270713708	0.07211635213	0.0004080473445	0.0002051518408	0.006692152542	0.02808118644	0.02777566102	0.006692152542	0.0003800518178	N
130	0.001332805833	0.0285858759	0.08038895827	0.0001674562134	0.0002738068523	0.007769169492	0.02740722034	0.02815384746	0.007769169492	0.0009740964664	N
135	0.001784517467	0.04313367473	0.07872559129	0.0002525110737	0.0002706462481	0.008526864407	0.02811240678	0.02677635593	0.008526864407	0.0009346520546	N
140	0.001833886791	0.04172120616	0.0737380491	0.0002890018123	0.0002686149597	0.008726864407	0.02908615254	0.02650859322	0.008726864407	0.0008958992418	N
145	0.001842749343	0.04482045614	0.06812745982	0.0003030632438	0.0002632943574	0.007585898305	0.02907457627	0.02632477966	0.007585898305	0.0006969021597	N
150	0.001626023446	0.05215300919	0.06961834654	0.0002749610065	0.000197809444	0.007172440678	0.03315713559	0.02565155932	0.007172440678	3.01E-05	N
155	0.001226003836	0.06285451147	0.07829321928	0.0002158235952	0.0002161387688	0.006977728814	0.03372949153	0.02029723729	0.006977728814	0.0005860067122	N
160	0.001266533802	0.06451919933	0.07224451811	0.0002607807141	0.0001110374464	0.007819288136	0.0328309322	0.02435808475	0.007819288136	0.0003397414199	N
165	0.001327681656	0.06243410647	0.06790728036	0.0002283186695	0.0001205113574	0.007845	0.03608920339	0.02741440678	0.007845	0.0002184616407	N
170	0.001340192003	0.0762272483	0.06700935371	0.0001988664389	0.0001178235072	0.007146186441	0.03773333898	0.03037327119	0.007146186441	0.0001248886423	N
175	0.001261203772	0.06582969433	0.05345167019	0.0001360357154	0.0001115959219	0.008400644068	0.03966277966	0.03357850847	0.008400644068	0.0003212228318	N
180	0.001291156054	0.06363699683	0.05423972786	0.0001506556927	0.0001136169488	0.008650457627	0.03979469492	0.03237347458	0.008650457627	0.0003848091301	N
185	0.001646975875	0.05736289471	0.06049241727	0.000306307696	0.0001083729702	0.009034949153	0.03799294915	0.03284372881	0.009034949153	0.0003974261416	N
190	0.001156201148	0.05577639002	0.06843108951	0.0002984870567	0.0002382998199	0.006455101695	0.03629057627	0.02660579661	0.006455101695	0.0004980984505	N
195	0.000856449072	0.05037451332	0.06512945931	0.0002957570289	0.0002451113002	0.005919135593	0.02746059322	0.02151238983	0.005919135593	0.0002318974032	N
200	0.0008160235843	0.05097915798	0.04381706129	0.0002003022525	0.0002447272343	0.006293237288	0.01864879661	0.018054	0.006293237288	2.62E-05	N
205	0.00108404748	0.04898597356	0.03268625565	0.0001918572129	0.0002136025336	0.005817661017	0.01637054237	0.01612227119	0.005817661017	0.0001964926435	N
210	0.001109096824	0.03210424272	0.0215182897	0.0001102134506	0.0001337388169	0.00545640678	0.0118619661	0.01561240678	0.00545640678	0.000207871435	N
215	0.0007878674971	0.03023557182	0.02101042777	9.58E-05	6.44E-05	0.004876966102	0.01055967797	0.01465661017	0.004876966102	0.0003719613509	N
220	0.001094943382	0.0330879959	0.02263081643	0.0002460557127	0.0001671984929	0.006293864407	0.01121728814	0.01577655932	0.006293864407	0.0004359144196	N
225	0.002183267521	0.04848930849	0.04281232659	0.0007582112094	0.0003601049618	0.009980152542	0.01426389831	0.02102125424	0.009980152542	0.0008109038103	N
230	0.002430376559	0.0608771238	0.06356522917	0.0008699789817	0.0003784469656	0.009989525424	0.01511372881	0.02220898305	0.009989525424	0.0007987350034	N
235	0.00240110352	0.06891257909	0.0757826319	0.0008886485168	0.0003963388455	0.009570762712	0.01671067797	0.01879761017	0.009570762712	0.0003169361828	N
240	0.002403503424	0.06272767688	0.0801132547	0.0009771859304	0.0004379008099	0.009401	0.02290215254	0.02133288136	0.009401	0.0001410197648	N
245	0.003102805975	0.04575632303	0.08743922133	0.00101017317	0.0004075550649	0.01029184746	0.02834801695	0.02456601695	0.01029184746	0.0001954650749	N
250	0.002723675241	0.03394321314	0.08158295922	0.0008522430021	0.0002625742905	0.008610644068	0.03687311864	0.02541298305	0.008610644068	9.70E-05	N
255	0.001807981156	0.03163837064	0.07881608408	0.0001919639865	0.0002346565245	0.005107288136	0.04496532203	0.02305740678	0.005107288136	0.0006600978201	N
260	0.001639812332	0.03493440083	0.06802510015	0.0002178626007	0.0001371121032	0.005272915254	0.05121964407	0.02317071186	0.005272915254	0.001006672536	N
265	0.002493055096	0.03234140966	0.06306722929	0.0005719204425	9.81E-05	0.01024352542	0.05179667797	0.02501140678	0.01024352542	0.0007390644421	N
270	0.002402088634	0.03542782728	0.06799606076	0.0005091451688	9.60E-05	0.009602627119	0.05042045763	0.02209418644	0.009602627119	0.000583003225	N
275	0.002041108169	0.03669917454	0.06721842161	0.0004995476226	9.06E-05	0.009354033898	0.04687589831	0.01932050847	0.009354033898	0.0009279956285	N
280	0.00201984566	0.04152088294	0.06779261866	0.00048662471	9.31E-05	0.009293016949	0.04472377966	0.01844323729	0.009293016949	0.0008599666273	N
285	0.003147500793	0.0470776237	0.06894400421	0.000561471433	0.0001424459689	0.01173974576	0.0404680678	0.02426147458	0.01173974576	0.002739669778	F
290	0.003619169751	0.05002129786	0.07064378879	0.0008789869191	0.0001954620936	0.01821813559	0.03794177966	0.03470527119	0.01821813559	0.002864354877	F
295	0.003106811068	0.06032088745	0.06872255895	0.0006979364338	0.0002734368321	0.01445864407	0.03730481356	0.03444688136	0.01445864407	0.001457158245	F
300	0.003607697467	0.05961040415	0.06326399766	0.0006339257946	0.0003395206033	0.01488808475	0.03485223729	0.03420389831	0.01488808475	0.001242545356	F
305	0.00497595587	0.05371018086	0.05650117465	0.0005636660994	0.0004003920195	0.01521922034	0.03150808475	0.03230040678	0.01521922034	0.001350539937	F
310	0.006265239065	0.04652092518	0.04582225326	0.0009376259319	0.0003376469869	0.01704738983	0.02745325424	0.03259220339	0.01704738983	0.001812810268	F
315	0.00804385553	0.04338796017	0.03254589695	0.001193251042	0.0004748404629	0.01858864407	0.02699508475	0.02439532203	0.01858864407	0.0008736941325	F
320	0.007583604921	0.04647419813	0.02418338086	0.001491070276	0.0006099372916	0.01405250847	0.02329194915	0.01809271186	0.01405250847	0.001468834465	F
325	0.007230358283	0.04039595128	0.01145768035	0.001848536894	0.0006570177084	0.01369847458	0.02006483051	0.01552579661	0.01369847458	0.001492000849	F
330	0.007149899635	0.04075173018	0.0159383972	0.001923491395	0.0008250645468	0.01482474576	0.02176647458	0.01685825424	0.01482474576	0.001995763523	F
335	0.004352041634	0.04102059137	0.02709602023	0.001925832256	0.0008333406323	0.01493816949	0.02543013559	0.01935181356	0.01493816949	0.001803147129	F
340	0.003687204709	0.03090388105	0.03510513561	0.001664871473	0.0008346084899	0.0136040339	0.0259110339	0.01885883051	0.0136040339	0.001131142062	F
345	0.00210235539	0.02723711255	0.04008382683	0.000939207696	0.0006845742652	0.007352457627	0.02522572881	0.01806391525	0.007352457627	0.0003737111748	F
350	0.00160061964	0.02969793745	0.04350445249	0.0008131832705	0.0005413064137	0.008381830508	0.02531291525	0.0203819661	0.008381830508	0.0003308558688	F
355	0.002065938771	0.02644917834	0.04186252401	0.0006039800919	0.0004999505515	0.01343105085	0.02534784746	0.01990127119	0.01343105085	0.0003865007612	F
360	0.003409605873	0.02474747505	0.04409517745	0.00111966489	0.0005580802391	0.01458840678	0.02463254237	0.02151628814	0.01458840678	0.0003104002548	F
365	0.004260166517	0.03047160894	0.04354260217	0.001452494549	0.0006799903028	0.01764337288	0.02687722034	0.02255898305	0.01764337288	0.0008135859195	F
370	0.009172575216	0.04046251572	0.05786227896	0.001979459031	0.0009022974881	0.0228280678	0.02944328814	0.0244829322	0.0228280678	0.0009633084699	F
375	0.01020821741	0.05572858113	0.07112950855	0.002383829124	0.0009405497492	0.02326384746	0.0324939322	0.02329930508	0.02326384746	0.0009819783796	F
380	0.01727184236	0.06312387083	0.06756881557	0.002922482863	0.0009629333792	0.02191623729	0.03046298305	0.02136447458	0.02191623729	0.0004520610104	F
385	0.01815567466	0.06715838505	0.07055979352	0.003157758683	0.0009781306376	0.01994186441	0.03409389831	0.02352032203	0.01994186441	0.0001759134574	F
390	0.01516081694	0.06141168881	0.07672633179	0.002152116561	0.001431060458	0.01800781356	0.03239047458	0.0209439661	0.01800781356	7.93E-05	F
395	0.008972934531	0.05540640629	0.07584686266	0.0005786248002	0.001100920954	0.01560710169	0.02666971186	0.01902010169	0.01560710169	0.0008002176176	F
400	0.006750424047	0.06019800793	0.05963514534	0.0002681418241	0.001075422863	0.0119640339	0.02125137288	0.01412440678	0.0119640339	0.0009888373857	F
405	0.004504648783	0.06030521485	0.03395765244	0.0001739785902	0.0005974430088	0.01297566102	0.01547581356	0.01414328814	0.01297566102	0.001358454544	F
410	0.006848342473	0.06070434505	0.02478115807	0.001703019036	0.001208007278	0.01509286441	0.02395584746	0.01694959322	0.01509286441	0.000328891488	F
415	0.009419330285	0.05679666411	0.0159459151	0.003432947585	0.001661803184	0.01214647458	0.02674262712	0.0155099661	0.01214647458	0.001145957729	F
420	0.01152337709	0.05783199263	0.02670847123	0.003982568372	0.001423289719	0.01411671186	0.02731194915	0.01671254237	0.01411671186	0.000809622252	F
425	0.01317816062	0.05910437913	0.0268292937	0.00460713508	0.00144772808	0.01414584746	0.02817266102	0.01727028814	0.01414584746	0.0009213709509	F
430	0.01392224931	0.05291326068	0.02848522817	0.00486319732	0.001344687558	0.01283189831	0.03262377966	0.01747381356	0.01283189831	0.001253293712	F
435	0.01433149601	0.03584036637	0.03773762512	0.004906582134	0.001352303961	0.01158122034	0.03939489831	0.01926098305	0.01158122034	0.001766771715	F
440	0.01285444947	0.0219088087	0.0438706347	0.003615413728	0.001254747833	0.01190583051	0.03407644068	0.02473715254	0.01190583051	0.001336808925	F
445	0.01093735853	0.02388690495	0.05104409633	0.001012176042	0.001179297245	0.01401240678	0.03223157627	0.02753486441	0.01401240678	0.0006091087727	F
450	0.008271109123	0.04206082662	0.05729548428	0.0009592428321	0.000992375897	0.01342094915	0.03494372881	0.02841262712	0.01342094915	0.001002829989	F
455	0.004839555844	0.04684774812	0.06719921542	0.0007810311195	0.0004159327987	0.01472742373	0.04029720339	0.03603671186	0.01472742373	0.0005643030329	F
460	0.003369160369	0.04964026094	0.06322032622	0.0008208152056	0.0003023099586	0.01521159322	0.03724522034	0.03596789831	0.01521159322	0.0004770069395	F
465	0.00384967621	0.04911342302	0.0663327199	0.0008563104114	0.0002998552762	0.0157480678	0.03620732203	0.03587652542	0.0157480678	0.0004326503322	F
470	0.003642744649	0.05935370146	0.07426864045	0.0006478387471	0.0002821709837	0.01320925424	0.03806277966	0.03241572881	0.01320925424	0.0005996379791	F
475	0.003003718019	0.06459626225	0.07235504164	0.0004663735877	0.0002565952634	0.008901508475	0.03378191525	0.03015979661	0.008901508475	0.001189204058	F
480	0.002674038795	0.04697726724	0.06637938602	0.0004193594725	0.0002839145693	0.008280355932	0.03079877966	0.02953930508	0.008280355932	0.0007475480667	F
485	0.002581546708	0.05133278136	0.08254824044	0.0003349739176	0.0004451930485	0.005821423729	0.02566547458	0.02182494915	0.005821423729	0.0009079983832	F
490	0.00375595222	0.05380446068	0.08287227368	0.0008866164439	0.0004503979949	0.007316898305	0.02748477966	0.02516013559	0.007316898305	0.001078131756	F
495	0.003688124561	0.05647017514	0.07476447058	0.001100109428	0.0006109388717	0.007626084746	0.02404235593	0.0256420678	0.007626084746	0.0005908419178	F
500	0.005357362456	0.05575765463	0.06328475658	0.001694084043	0.0005935464852	0.008986423729	0.02705313559	0.02773723729	0.008986423729	0.0001253157814	F
505	0.008931068413	0.05438402715	0.05427748295	0.001930968329	0.0006896257531	0.01172689831	0.03035452542	0.0317870339	0.01172689831	0.0005318022776	F
510	0.01033976601	0.05569383571	0.06568578855	0.002203665762	0.0007783033916	0.01273835593	0.02910094915	0.0382299322	0.01273835593	0.0009741909172	F
515	0.0112130904	0.04777374173	0.06967165933	0.002513986852	0.0009899869365	0.01351142373	0.02857945763	0.04307288136	0.01351142373	0.001551409207	F
520	0.01023211171	0.03570779394	0.1009144379	0.002246265608	0.0007755029778	0.010865	0.02454074576	0.049442	0.010865	0.003204490922	F
525	0.0095413075	0.03147346085	0.1052370069	0.001825619242	0.0007394940318	0.009771898305	0.02391842373	0.05084916949	0.009771898305	0.002598537944	F
530	0.004952991464	0.01888688082	0.09732392839	0.0006087021445	0.0006127527402	0.010572	0.01738698305	0.05329433898	0.010572	0.003315185962	F
535	0.007063669278	0.03589222407	0.0991765879	0.0007304307699	0.001298624058	0.008451728814	0.01904584746	0.04758176271	0.008451728814	0.002539511566	F
540	0.007648165081	0.03640192546	0.0925585336	0.0006873278724	0.001649644624	0.007421118644	0.02580527119	0.04232201695	0.007421118644	0.002275022274	F
545	0.008649649965	0.04159265444	0.08588652921	0.0006417277266	0.001552440649	0.007261694915	0.02748423729	0.03661198305	0.007261694915	0.00165780811	F
550	0.006776194035	0.04172443354	0.07403040525	0.000534364452	0.001325433173	0.007485322034	0.02642633898	0.02987420339	0.007485322034	0.0004371132195	F
555	0.003740010174	0.03490479676	0.06542806101	0.0003983749012	0.0006258619211	0.00772279661	0.02799528814	0.02613137288	0.00772279661	1.06E-05	F
560	0.00083746951	0.03178288757	0.04949230765	0.0002346486521	3.40E-05	0.004955169492	0.02566927119	0.02059140678	0.004955169492	0.0006182922638	F
565	0.000663412385	0.03318320113	0.04723249079	0.0001647976896	2.78E-05	0.004547050847	0.02443266102	0.0219489322	0.004547050847	0.0004692107417	F
570	0.0005718248428	0.02988899141	0.05021613697	0.0001456844501	3.96E-05	0.004199237288	0.02153262712	0.02076232203	0.004199237288	0.000367173638	F
575	0.0005644409528	0.03259672623	0.05136967228	0.0001681129458	4.18E-05	0.004709491525	0.02454022034	0.02156462712	0.004709491525	0.0005319151289	F
580	0.0004730258596	0.03366773266	0.05515356762	0.0001735744597	4.40E-05	0.004242711864	0.02548440678	0.02106747458	0.004242711864	0.0005077585212	F
585	0.0004511769139	0.03889243254	0.05785113921	0.0001679544664	5.05E-05	0.004053847458	0.02535977966	0.01983311864	0.004053847458	0.0005958378437	F
590	0.0009812150609	0.05006625672	0.07022813012	0.0001993051205	0.0001498670776	0.00496259322	0.02736171186	0.02224113559	0.00496259322	0.0009856170969	F
595	0.001567460394	0.05542285665	0.07334374204	0.0003010817291	0.0001656940832	0.005715915254	0.02915183051	0.022653	0.005715915254	0.001032488785	F
600	0.001689879038	0.05530852734	0.07310865897	0.0003104318236	0.0001606962399	0.005356983051	0.02931408475	0.02418720339	0.005356983051	0.0009081073	F
605	0.001618090234	0.05764704539	0.07556097926	0.0003086849678	0.0001625797726	0.004283694915	0.03417532203	0.02691932203	0.004283694915	0.001327613689	F
610	0.002828956463	0.0690474722	0.07252341711	0.002604246542	0.0001915339558	0.007737779661	0.04406781356	0.02856484746	0.007737779661	0.003114025302	F
615	0.003578013334	0.06522973927	0.0722569363	0.00298200828	0.0002286482869	0.01114232203	0.04559167797	0.03370222034	0.01114232203	0.002074232084	F
620	0.002671735048	0.05366941175	0.07605355874	0.002877083987	0.0001681372348	0.01378113559	0.04591637288	0.03308049153	0.01378113559	0.001484164005	F
625	0.002131488161	0.04710454512	0.06687983101	0.002528749162	0.0001572285365	0.01308962712	0.04369271186	0.02814505085	0.01308962712	0.00121686098	F
630	0.001906920139	0.04280057399	0.06374545102	0.002073767136	0.0001549033891	0.01386830508	0.04185254237	0.02720274576	0.01386830508	0.0006722676132	F
635	0.001331200734	0.03160942951	0.05043410276	0.0008720612863	0.0001323905455	0.01294142373	0.03168247458	0.02252074576	0.01294142373	9.07E-05	F
640	0.001500960314	0.02223937296	0.04735764758	0.0004405926839	0.0001334801043	0.0138419661	0.02421211864	0.02630055932	0.0138419661	0.001158399864	F
645	0.004644531923	0.02596162608	0.0499559377	0.0009254959022	0.0007384105788	0.01127344068	0.0222499322	0.02071076271	0.01127344068	0.0006453901176	F
650	0.0109483846	0.03435028865	0.02679560902	0.001583350636	0.001658275508	0.009291305085	0.01929837288	0.01935945763	0.009291305085	2.55E-05	F
655	0.01092450372	0.04158393549	0.05244038268	0.001508392231	0.001570216983	0.0130149661	0.02303455932	0.02406583051	0.0130149661	0.0002876214717	F
660	0.0104125036	0.04043968119	0.05082446524	0.001503236437	0.001467183589	0.01240611864	0.02222538983	0.02444925424	0.01240611864	0.0002544819956	F
665	0.009450936484	0.04535375452	0.06750643955	0.001104666604	0.001299955851	0.01531379661	0.02936844068	0.02535691525	0.01531379661	0.000447731757	F
670	0.006853921028	0.04229447355	0.06949884686	0.0004937150659	0.0009451830787	0.01149516949	0.02795679661	0.01928347458	0.01149516949	0.0005287023714	F
675	0.006662196806	0.04881186114	0.07124847896	0.0003859765441	0.0009289107609	0.0115650339	0.03323544068	0.01976491525	0.0115650339	0.0006584339277	F
680	0.005333541418	0.05393679109	0.07992378149	0.0003396554165	0.0006931311095	0.01263877966	0.0348300339	0.0209519661	0.01263877966	0.0002100170916	F
685	0.006699514071	0.04629768563	0.05691973584	0.000205612769	0.0009739486289	0.0105339322	0.0294480678	0.01752711864	0.0105339322	2.04E-05	F
690	0.008223604353	0.04682182578	0.05502865295	0.000196124458	0.001145823258	0.01118313559	0.02946564407	0.01568742373	0.01118313559	5.11E-05	F
695	0.007430777258	0.03825735292	0.03886552343	0.0001638434576	0.0009585361572	0.00835640678	0.02183489831	0.01578362712	0.00835640678	0.0003308270377	F
700	0.008104899916	0.03382776364	0.03517370955	0.0001508882572	0.0009616979151	0.008606932203	0.02071610169	0.01562932203	0.008606932203	0.0002627582126	F
705	0.008066612284	0.02916279998	0.02943801536	0.0003795408229	0.0009988818385	0.008557254237	0.01540023729	0.01718642373	0.008557254237	0.0004937759025	F
710	0.006919767873	0.04042526702	0.03318084327	0.0003847302733	0.0009453387874	0.006385050847	0.01906159322	0.01892259322	0.006385050847	0.0001645243812	F
715	0.007761695455	0.05414678605	0.04890460378	0.0003811349917	0.001200263108	0.006933542373	0.02640979661	0.02109916949	0.006933542373	0.0001061061239	F
720	0.007281949804	0.0603918222	0.05326507523	0.0003912318476	0.001192306025	0.00655279661	0.02956130508	0.02207240678	0.00655279661	0.0002954214421	F
725	0.005676783929	0.05904636375	0.06090420709	0.0003935081649	0.000935159787	0.007482898305	0.03046877966	0.02327627119	0.007482898305	0.0003176493125	F
730	0.002515265254	0.05188808087	0.05855044727	0.0003694945271	0.0004088301189	0.007398779661	0.03051232203	0.02310494915	0.007398779661	0.0004247983605	F
735	0.0006421174868	0.05096884011	0.06357911308	0.0001133500926	0.0001509125224	0.005002474576	0.02941745763	0.01999366102	0.005002474576	0.0003358817145	F
740	0.0005164960272	0.04648041747	0.05522780746	9.41E-05	7.84E-05	0.00495820339	0.0276950339	0.01841210169	0.00495820339	0.0004716002923	F
745	0.0006382802023	0.04682812694	0.0507044657	0.000101840158	6.09E-05	0.00459859322	0.02656284746	0.01949918644	0.00459859322	0.0003797464166	F
750	0.0005601630555	0.05155129269	0.05197313453	0.0001979457268	5.11E-05	0.00469	0.02744854237	0.01944588136	0.00469	0.0003547094996	F
755	0.000453742695	0.05465349608	0.05174342688	0.0002032604227	6.12E-05	0.004811949153	0.02747142373	0.01912094915	0.004811949153	0.0002963180461	F
760	0.0005348217829	0.05974387064	0.05559914142	0.0002800012839	6.06E-05	0.004883576271	0.02984638983	0.02057557627	0.004883576271	0.000289097488	F
765	0.002965885503	0.06838170605	0.05601820284	0.002179389424	0.000110663566	0.00841479661	0.02742910169	0.02447425424	0.00841479661	0.00177793069	F
770	0.0046719723	0.06828856333	0.05684308029	0.003503614448	0.0003120660443	0.01365510169	0.0324560678	0.0258539661	0.01365510169	0.002269420917	F
775	0.005295643408	0.07682410276	0.05442010946	0.003047160566	0.0005528537398	0.01410366102	0.02797822034	0.0234839322	0.01410366102	0.002227585823	F
780	0.005040522243	0.07919879729	0.04786881764	0.002792404892	0.0007016237556	0.0140069661	0.02393042373	0.02152710169	0.0140069661	0.002123425168	F
785	0.004564193554	0.07494699789	0.03799528261	0.002513189962	0.000919233092	0.01386250847	0.02304922034	0.02148723729	0.01386250847	0.002282566074	F
790	0.003002155413	0.05615540861	0.02867214178	0.002327743303	0.0009024723928	0.0145279661	0.02220966102	0.01946083051	0.0145279661	0.002143236724	F
795	0.00210816778	0.01588671423	0.01200112242	0.001648791316	0.0006616768189	0.01026827119	0.02102011864	0.01509572881	0.01026827119	0.0009046979184	F
800	0.001371887777	0.004466095884	0.003736887972	0.0002216160825	6.74E-05	0.005974830508	0.01390284746	0.01547494915	0.005974830508	0.0002116034316	F
805	0.00124854104	0.005244088839	0.003440337334	0.0001696955887	8.26E-05	0.005974644068	0.01439310169	0.01465230508	0.005974644068	0.0001561776818	F
810	0.0008853136146	0.005027547907	0.003214727739	5.28E-05	5.81E-05	0.005620898305	0.01440116949	0.0146430678	0.005620898305	0.0001335503803	F
815	0.0008206493947	0.006432961223	0.004301770608	2.52E-05	6.33E-05	0.00495740678	0.01687801695	0.01612976271	0.00495740678	0.0002375748383	F
820	0.00116634771	0.00557100892	0.002162871043	9.07E-05	8.61E-05	0.005294864407	0.01692823729	0.01382923729	0.005294864407	8.66E-05	F
825	0.001364610045	0.005659320067	0.00216981563	9.66E-05	9.90E-05	0.005153355932	0.01581689831	0.01484691525	0.005153355932	7.01E-05	F
830	0.001061994031	0.00420532583	0.001933109568	9.03E-05	0.000103904929	0.004646423729	0.01479501695	0.01089033898	0.004646423729	8.50E-05	F
835	0.000885237731	0.003461603077	0.002066878421	7.69E-05	6.31E-05	0.003898677966	0.01403059322	0.01051157627	0.003898677966	3.06E-05	F
840	0.001115081988	0.005598369224	0.00327664433	0.0001472820891	0.0001774749576	0.004430830508	0.01498444068	0.01153820339	0.004430830508	5.01E-05	F
845	0.001071988339	0.008362623513	0.006473161619	0.0002719585771	0.0002851444188	0.00516440678	0.01224964407	0.01450371186	0.00516440678	0.0001206063105	F
850	0.001354473163	0.01458719037	0.01417794844	0.0004679102396	0.0005735399182	0.005321237288	0.01040861017	0.01719120339	0.005321237288	5.08E-05	F
855	0.001456856678	0.02155688205	0.02661993885	0.000407618195	0.0006763297781	0.004927847458	0.01466508475	0.01790130508	0.004927847458	4.89E-05	F
860	0.001281006859	0.02764482481	0.03945677027	0.0003724500109	0.0005597560593	0.004774152542	0.01945181356	0.01922022034	0.004774152542	3.11E-05	F
865	0.0009425604636	0.02962719053	0.04837617885	0.0003487242765	0.0003488112495	0.004696016949	0.02152750847	0.01939530508	0.004696016949	2.57E-05	F
870	0.000531802815	0.03505226239	0.04949337135	0.0003205701494	0.0001466019701	0.003916118644	0.02783242373	0.01789784746	0.003916118644	0.0001230164962	F
875	0.0003403208864	0.04063327854	0.05300290365	0.0002579157875	9.04E-05	0.002517084746	0.0293779661	0.01325652542	0.002517084746	0.0003389835819	F
880	7.67E-05	0.04535849139	0.0494369115	4.66E-05	7.55E-05	0.001357491525	0.03562535593	0.01183298305	0.001357491525	0.000553003951	F
885	3.20E-05	0.04576421096	0.04520706975	3.42E-05	6.58E-05	0.001116644068	0.03623389831	0.009974169492	0.001116644068	0.0006575704559	F
890	2.82E-05	0.04874442065	0.05094797259	3.39E-05	6.79E-05	0.001072745763	0.03983601695	0.01051388136	0.001072745763	0.0007954437405	R
895	2.12E-05	0.04845372399	0.05249501917	3.10E-05	7.73E-05	0.0008794067797	0.04039520339	0.01179983051	0.0008794067797	0.0007698638503	R
900	2.34E-05	0.04661661519	0.052338699	3.71E-05	6.98E-05	0.0009321694915	0.03837349153	0.01162513559	0.0009321694915	0.0007055175882	R
905	3.21E-05	0.05131761756	0.05205859677	4.44E-05	5.69E-05	0.001177694915	0.04522125424	0.01201688136	0.001177694915	0.001214843471	R
910	4.45E-05	0.05476983736	0.05640450703	4.32E-05	6.09E-05	0.00143040678	0.04426632203	0.01213657627	0.00143040678	0.001184886497	R
915	4.37E-05	0.05375946653	0.05123936422	3.91E-05	5.79E-05	0.001512	0.04378608475	0.01170311864	0.001512	0.00111346657	R
920	4.61E-05	0.05244286309	0.0460389228	3.47E-05	5.37E-05	0.001507118644	0.04457527119	0.01128640678	0.001507118644	0.001136174239	R
925	6.32E-05	0.05624200409	0.04873831794	3.06E-05	4.34E-05	0.001566457627	0.04781091525	0.01029110169	0.001566457627	0.001225405263	R
930	0.0001073823942	0.07349395986	0.04603683331	6.29E-05	6.90E-05	0.001984491525	0.04941813559	0.01062508475	0.001984491525	0.003173241081	R
935	0.0001067910316	0.073052401	0.04576312711	9.62E-05	7.28E-05	0.002053135593	0.04527288136	0.01180654237	0.002053135593	0.003264041433	R
940	0.0001032520358	0.06534304894	0.03936043325	0.000144800923	7.48E-05	0.001713610169	0.04246727119	0.01256313559	0.001713610169	0.002984556786	R
945	0.0001003126738	0.06085675054	0.03752233938	0.0001715581489	7.52E-05	0.001547711864	0.04043994915	0.01602879661	0.001547711864	0.002680412742	R
950	9.08E-05	0.05343631028	0.03559904801	0.0001609217863	7.14E-05	0.001404559322	0.0342709661	0.01723416949	0.001404559322	0.002339213354	R
955	7.01E-05	0.04819273847	0.03034106353	0.0001257457086	5.87E-05	0.001418949153	0.03272789831	0.01820672881	0.001418949153	0.002187092351	R
960	3.26E-05	0.03122504875	0.02817097249	4.12E-05	4.28E-05	0.001046067797	0.02536279661	0.01772110169	0.001046067797	0.0008347795551	R
965	2.47E-05	0.02503256194	0.02535878086	2.91E-05	3.27E-05	0.0007823050847	0.02316540678	0.0166640339	0.0007823050847	0.0004979540837	R
970	2.97E-05	0.02631811618	0.02885896383	5.12E-05	5.62E-05	0.0008378983051	0.02701191525	0.01462177966	0.0008378983051	0.0007141482477	R
975	3.35E-05	0.02876968972	0.03439257663	5.85E-05	6.19E-05	0.0009580338983	0.03012235593	0.0133239322	0.0009580338983	0.0008268749769	R
980	3.83E-05	0.03191807796	0.03609407229	5.38E-05	6.60E-05	0.0009992711864	0.03590515254	0.01242754237	0.0009992711864	0.0009784678258	R
985	4.53E-05	0.0336939604	0.04035889735	4.74E-05	6.37E-05	0.0009570508475	0.03735913559	0.01248205085	0.0009570508475	0.0009626741769	R
990	5.22E-05	0.03980836756	0.04554379118	3.67E-05	6.70E-05	0.0009834576271	0.044707	0.01461754237	0.0009834576271	0.001152129411	R
995	3.77E-05	0.04381390209	0.04946937961	3.77E-05	7.02E-05	0.0009053559322	0.04886430508	0.01478422034	0.0009053559322	0.00123092869	R
1000	3.01E-05	0.04634736787	0.05186091466	3.76E-05	6.80E-05	0.0009377118644	0.04990361017	0.01437828814	0.0009377118644	0.001260919772	R
1005	2.94E-05	0.04321763637	0.05068274768	3.57E-05	6.33E-05	0.0008152033898	0.04721530508	0.01329525424	0.0008152033898	0.001101739278	R
1010	3.13E-05	0.04040426105	0.04801306655	4.05E-05	5.92E-05	0.0009408135593	0.04344052542	0.01251801695	0.0009408135593	0.0009653294397	R
1015	3.03E-05	0.03600106316	0.04240376107	4.19E-05	6.23E-05	0.0008297457627	0.04212223729	0.01152035593	0.0008297457627	0.0008626383092	R
1020	2.76E-05	0.03040176095	0.03646081741	4.36E-05	5.97E-05	0.00071	0.03908410169	0.01015415254	0.00071	0.0007558676286	R
1025	2.60E-05	0.02913917439	0.03253177449	3.82E-05	6.18E-05	0.0008135762712	0.03906850847	0.01376637288	0.0008135762712	0.0006918251634	R
1030	2.07E-05	0.02435766166	0.02789759486	2.56E-05	4.39E-05	0.0007549491525	0.03445245763	0.01682801695	0.0007549491525	0.0004590924181	R
1035	1.95E-05	0.02291932738	0.02423609687	1.92E-05	3.96E-05	0.0008012033898	0.03299572881	0.01850750847	0.0008012033898	0.0005238711002	R
1040	1.64E-05	0.02342369383	0.02608116335	1.83E-05	4.43E-05	0.0006967627119	0.03242547458	0.02082218644	0.0006967627119	0.0005991121089	R
1045	1.93E-05	0.02504029986	0.03021881846	2.07E-05	4.63E-05	0.0007052033898	0.037103	0.02148713559	0.0007052033898	0.0006349403757	R
1050	2.72E-05	0.02581839834	0.0330637632	2.03E-05	4.72E-05	0.0007583559322	0.03522466102	0.0224509661	0.0007583559322	0.0005909990353	R
1055	2.83E-05	0.02426667672	0.03488139522	2.26E-05	4.34E-05	0.0006154237288	0.03115267797	0.02033138983	0.0006154237288	0.0005111126942	R
1060	3.28E-05	0.02521259706	0.03690905756	1.70E-05	4.22E-05	0.0005860169492	0.03056469492	0.02096337288	0.0005860169492	0.0004607085	R
1065	3.44E-05	0.02408928474	0.03703315369	1.46E-05	4.12E-05	0.0005531694915	0.03185072881	0.02067371186	0.0005531694915	0.000404758959	R
1070	4.37E-05	0.02382853477	0.0373492539	1.43E-05	3.80E-05	0.0005639830508	0.03020323729	0.02098269492	0.0005639830508	0.0002791398243	R
1075	3.89E-05	0.02159897423	0.03199073378	1.34E-05	3.20E-05	0.0006278983051	0.02565747458	0.02115611864	0.0006278983051	0.0001534636683	R
1080	4.65E-05	0.02205812394	0.03000038853	1.45E-05	3.27E-05	0.0006783389831	0.02727276271	0.02141808475	0.0006783389831	0.0001625237015	R
1085	4.18E-05	0.02318293913	0.0287575577	1.43E-05	3.21E-05	0.0007205254237	0.02832777966	0.02039045763	0.0007205254237	0.0002378678292	R
1090	5.80E-05	0.02095847485	0.02289729532	1.36E-05	2.76E-05	0.0007513559322	0.02829064407	0.01918035593	0.0007513559322	0.0003242190062	R
1095	6.45E-05	0.02209233125	0.02380331678	2.40E-05	2.36E-05	0.0007756101695	0.02617420339	0.01727913559	0.0007756101695	0.0003172894608	R
1100	5.86E-05	0.02161185996	0.02225135363	2.72E-05	2.90E-05	0.0008278644068	0.02671871186	0.01538955932	0.0008278644068	0.0003990843232	R
1105	5.81E-05	0.02042024816	0.02502061395	2.85E-05	3.07E-05	0.000869559322	0.02711579661	0.0156900339	0.000869559322	0.0004083092254	R
1110	5.19E-05	0.02146884181	0.02660219555	2.50E-05	3.97E-05	0.0008568813559	0.0293830339	0.01389128814	0.0008568813559	0.0006047181505	R
1115	6.16E-05	0.02015490699	0.02531010593	2.48E-05	4.29E-05	0.0008513050847	0.03193594915	0.01410759322	0.0008513050847	0.0006377323651	R
1120	7.95E-05	0.02085144629	0.03034017606	7.56E-05	4.53E-05	0.001216169492	0.03031010169	0.01520269492	0.001216169492	0.0006193999173	R
1125	7.64E-05	0.02117395511	0.03295181753	9.95E-05	5.20E-05	0.001301508475	0.03275677966	0.01671720339	0.001301508475	0.0006477144145	R
1130	8.26E-05	0.02112478417	0.0353258914	0.0001033365001	4.91E-05	0.001225288136	0.0287389661	0.01587727119	0.001225288136	0.000618778551	R
1135	7.94E-05	0.02462283376	0.03375138164	0.0001029592829	4.89E-05	0.001174	0.03268288136	0.01580825424	0.001174	0.0009841473357	R
1140	6.18E-05	0.02338522942	0.03350075024	8.15E-05	3.67E-05	0.001059762712	0.02933179661	0.0155399661	0.001059762712	0.0008706012654	R
1145	3.16E-05	0.0220248431	0.03309931522	3.71E-05	3.15E-05	0.001043084746	0.02523022034	0.01644054237	0.001043084746	0.0007905718953	R
1150	1.45E-05	0.02369385315	0.0317325572	2.05E-05	3.12E-05	0.0006780847458	0.02894816949	0.01575657627	0.0006780847458	0.0009397992746	R
1155	2.25E-05	0.02343879096	0.03424246307	2.25E-05	3.91E-05	0.0005943728814	0.02840377966	0.01634777966	0.0005943728814	0.0009222120403	R
1160	1.81E-05	0.02346363042	0.03112873666	2.05E-05	3.42E-05	0.0007218135593	0.03035240678	0.01758442373	0.0007218135593	0.00102772003	R
1165	1.78E-05	0.02116129747	0.03265516511	1.94E-05	3.34E-05	0.0006871186441	0.02550476271	0.01757357627	0.0006871186441	0.000690932949	R
1170	1.55E-05	0.02059000785	0.03212834959	1.63E-05	3.70E-05	0.0007136440678	0.02663694915	0.01744727119	0.0007136440678	0.000773872556	R
1175	1.74E-05	0.02645151755	0.03525547084	1.71E-05	4.13E-05	0.0007298813559	0.03135852542	0.01767408475	0.0007298813559	0.001039820094	R
1180	2.77E-05	0.02729298465	0.03882693718	1.56E-05	4.19E-05	0.0007736949153	0.03216532203	0.01737415254	0.0007736949153	0.001146129498	R
1185	2.22E-05	0.02849251562	0.03836115952	1.35E-05	3.68E-05	0.0007999830508	0.03182445763	0.01720879661	0.0007999830508	0.001177679811	N
1190	2.29E-05	0.02697453444	0.03872494777	1.51E-05	3.62E-05	0.0008399152542	0.03197667797	0.0163590678	0.0008399152542	0.001068241124	N
1195	2.31E-05	0.02725110711	0.03930420772	1.36E-05	3.70E-05	0.0008649661017	0.03544037288	0.01927666102	0.0008649661017	0.001011877664	N
1200	2.70E-05	0.02601695812	0.03777754609	1.40E-05	3.19E-05	0.0009107627119	0.03285001695	0.0192319661	0.0009107627119	0.0008702008447	N
1205	3.15E-05	0.02191575928	0.03792597355	1.39E-05	2.89E-05	0.0009274067797	0.02712277966	0.01911764407	0.0009274067797	0.0006112369901	N
1210	3.11E-05	0.02170565342	0.03756503682	1.68E-05	2.68E-05	0.0009336949153	0.02836552542	0.0181310678	0.0009336949153	0.0005205044672	N
1215	3.54E-05	0.02142366569	0.03359997333	1.92E-05	2.63E-05	0.0009272542373	0.02527005085	0.01850354237	0.0009272542373	0.0005573858562	N
1220	3.80E-05	0.02174125119	0.03483707926	1.79E-05	3.15E-05	0.0008972711864	0.02523649153	0.02226908475	0.0008972711864	0.0004013538187	N
1225	4.35E-05	0.02149172751	0.03382129144	1.91E-05	3.30E-05	0.0008891864407	0.02656305085	0.02091961017	0.0008891864407	0.0004618212192	N
1230	3.29E-05	0.02118863448	0.03305975405	2.14E-05	3.38E-05	0.0009252711864	0.02848830508	0.02146949153	0.0009252711864	0.0004791302389	N
1235	4.21E-05	0.02193205783	0.03189211523	3.51E-05	3.89E-05	0.001057915254	0.03243394915	0.02184447458	0.001057915254	0.0005196237759	N
1240	4.30E-05	0.02092324217	0.03248443402	3.32E-05	4.17E-05	0.0008953389831	0.03199872881	0.02246352542	0.0008953389831	0.000451457812	N
1245	4.55E-05	0.01913642672	0.03335324323	3.83E-05	4.23E-05	0.000854	0.03381777966	0.02100255932	0.000854	0.0004099307391	N
1250	4.35E-05	0.01869011403	0.03443124907	3.71E-05	3.63E-05	0.0007797966102	0.03188777966	0.01734572881	0.0007797966102	0.0004685879506	N
1255	3.93E-05	0.01855262069	0.03324620852	3.76E-05	3.15E-05	0.0007543050847	0.03047842373	0.01889808475	0.0007543050847	0.0004917609239	N
1260	4.06E-05	0.01889152293	0.0360823743	3.38E-05	3.39E-05	0.0007381016949	0.03177181356	0.02168418644	0.0007381016949	0.0004520005973	N
1265	5.29E-05	0.01838612431	0.0358246137	3.03E-05	3.69E-05	0.0006190338983	0.02734284746	0.01963489831	0.0006190338983	0.0003671871585	N
1270	5.22E-05	0.01986405733	0.0349721574	3.17E-05	3.77E-05	0.0006370338983	0.02548125424	0.01999383051	0.0006370338983	0.0003669290682	N
1275	5.27E-05	0.02010004409	0.03454651807	3.06E-05	3.54E-05	0.0006878644068	0.02463974576	0.0229479661	0.0006878644068	0.0002645274862	N
1280	5.36E-05	0.02232707396	0.03171854577	2.95E-05	4.27E-05	0.000646	0.0276230678	0.0220629322	0.000646	0.0005232309396	N
1285	4.78E-05	0.02163069635	0.0297999882	2.62E-05	4.59E-05	0.0006484915254	0.02712823729	0.02066472881	0.0006484915254	0.0004869835625	N
1290	4.27E-05	0.02192845046	0.03085258604	2.36E-05	4.94E-05	0.000585559322	0.02585318644	0.01878381356	0.000585559322	0.0004627140192	N
1295	3.85E-05	0.02044673996	0.02763179439	2.37E-05	3.94E-05	0.0006028474576	0.02389462712	0.02000313559	0.0006028474576	0.0003735343846	N
1300	4.24E-05	0.01873107473	0.0265636462	2.59E-05	3.70E-05	0.0006888135593	0.02768566102	0.02077479661	0.0006888135593	0.0004707510511	N
1305	4.75E-05	0.0211833877	0.02990016471	2.15E-05	3.74E-05	0.000708779661	0.03049605085	0.02044288136	0.000708779661	0.0006557296632	N
1310	4.67E-05	0.02177882547	0.03346762463	2.58E-05	4.26E-05	0.0008262542373	0.028183	0.02176022034	0.0008262542373	0.0005601907663	N
1315	5.12E-05	0.02228489665	0.0394603236	2.90E-05	4.45E-05	0.0009189491525	0.02742510169	0.02228922034	0.0009189491525	0.0004301878907	N
1320	5.12E-05	0.02510384629	0.04038908406	3.09E-05	4.08E-05	0.001064966102	0.02946489831	0.02292374576	0.001064966102	0.0005607778099	N
1325	5.11E-05	0.02477645106	0.04192049019	3.07E-05	4.19E-05	0.001002711864	0.02901698305	0.0218870339	0.001002711864	0.0007160851199	N
1330	4.98E-05	0.02476809551	0.04172752501	3.04E-05	5.16E-05	0.000949	0.02532355932	0.02240440678	0.000949	0.0005866469489	N
1335	4.54E-05	0.02171304694	0.03806070514	3.09E-05	4.78E-05	0.0008980508475	0.02333786441	0.02070505085	0.0008980508475	0.0004932294246	N
1340	4.22E-05	0.01805718123	0.03606898289	2.82E-05	4.30E-05	0.0007859152542	0.02256232203	0.02048061017	0.0007859152542	0.00037701647	N
1345	4.27E-05	0.01721174232	0.03235871682	2.59E-05	4.04E-05	0.0008106779661	0.024887	0.02014633898	0.0008106779661	0.0004211394681	N
1350	3.83E-05	0.01363975623	0.03190552937	2.22E-05	4.39E-05	0.0006905084746	0.02031611864	0.01927437288	0.0006905084746	0.0002258001827	N
1355	5.45E-05	0.01441236046	0.02975210617	2.19E-05	4.28E-05	0.0007610847458	0.02041762712	0.01805274576	0.0007610847458	0.0002578408778	N
1360	6.62E-05	0.01362570482	0.02653657445	2.05E-05	3.43E-05	0.0008469491525	0.02283472881	0.01748381356	0.0008469491525	0.0002943868769	N
1365	8.75E-05	0.01353724978	0.02649960306	2.07E-05	3.68E-05	0.0008777627119	0.02119194915	0.01845269492	0.0008777627119	0.0001937742056	N
1370	7.64E-05	0.01367527565	0.02699810815	2.47E-05	4.17E-05	0.0009898474576	0.01939435593	0.017958	0.0009898474576	0.0001917769376	N
1375	5.79E-05	0.01303748772	0.02615246068	2.44E-05	4.19E-05	0.0008689322034	0.01833430508	0.0175989661	0.0008689322034	0.0001828877606	N
1380	5.65E-05	0.01272495475	0.02431396387	2.60E-05	3.63E-05	0.001063694915	0.02033577966	0.01868157627	0.001063694915	0.0002041051879	N
1385	0.0002967395758	0.0133523174	0.02676372066	2.76E-05	3.47E-05	0.001527305085	0.02025808475	0.01996637288	0.001527305085	0.0001281026954	N
1390	0.0002952283054	0.01353122539	0.02969137439	3.19E-05	3.36E-05	0.001446627119	0.01761840678	0.01716764407	0.001446627119	9.62E-05	N
1395	0.0002593025143	0.0137221744	0.02979749484	3.20E-05	3.04E-05	0.001342423729	0.01764252542	0.01710162712	0.001342423729	0.000139120612	N
1400	0.0002597084014	0.01340760434	0.0258985479	2.80E-05	2.24E-05	0.001345915254	0.01791511864	0.01499855932	0.001345915254	9.66E-05	N
1405	0.0002285404972	0.0131713294	0.02400762983	2.44E-05	2.37E-05	0.001296288136	0.01741167797	0.01435850847	0.001296288136	9.33E-05	N
1410	0.0002145400351	0.01280669693	0.02449523263	2.48E-05	2.33E-05	0.0008866779661	0.01599559322	0.01293172881	0.0008866779661	0.0001256008268	N
1415	4.82E-05	0.0112518131	0.02386231905	2.10E-05	2.93E-05	0.0005184067797	0.01542557627	0.01175172881	0.0005184067797	0.0001413428181	N
1420	4.46E-05	0.009955487737	0.02184814991	1.44E-05	2.95E-05	0.0005292372881	0.01262962712	0.01244552542	0.0005292372881	9.00E-05	N
1425	5.34E-05	0.009858129795	0.02058054422	1.54E-05	3.05E-05	0.000674559322	0.01304042373	0.01216928814	0.000674559322	0.0001348158988	N
1430	5.44E-05	0.01006379269	0.02457388168	1.43E-05	3.16E-05	0.0005690677966	0.01318789831	0.01416179661	0.0005690677966	0.0001165545096	N
1435	4.45E-05	0.01125743009	0.02567351169	1.50E-05	3.25E-05	0.0005991864407	0.01334430508	0.01532471186	0.0005991864407	0.0001082985195	N
1440	5.04E-05	0.01203866212	0.02211975703	1.31E-05	3.50E-05	0.000668440678	0.01747654237	0.01629150847	0.000668440678	0.0001920067437	N
1445	4.64E-05	0.0120860535	0.0202892913	1.29E-05	3.24E-05	0.0007030508475	0.01586611864	0.01566076271	0.0007030508475	0.0001809772397	N
1450	3.87E-05	0.0131436325	0.02110062213	1.24E-05	3.43E-05	0.0007100508475	0.01705010169	0.01480547458	0.0007100508475	0.000238590231	N
1455	3.76E-05	0.01318115819	0.02141634079	1.15E-05	3.36E-05	0.0005679830508	0.01601905085	0.01423252542	0.0005679830508	0.0001723165883	N
1460	4.31E-05	0.01456571558	0.01930027225	1.04E-05	3.12E-05	0.0005961186441	0.01703847458	0.01232484746	0.0005961186441	0.0002709970235	N
1465	4.61E-05	0.01341232308	0.01804219039	1.12E-05	2.54E-05	0.0008413728814	0.01663842373	0.01353527119	0.0008413728814	0.0002268942946	N
1470	0.0001521030207	0.01407324094	0.025177848	2.47E-05	3.10E-05	0.001504694915	0.01455477966	0.01275871186	0.001504694915	0.0001263952966	N
1475	0.0001682932943	0.01387910316	0.02528242379	3.20E-05	3.55E-05	0.001523440678	0.01642467797	0.01123713559	0.001523440678	0.0001681033636	N
1480	0.0001685341664	0.01338926161	0.02676982849	3.59E-05	3.46E-05	0.001612983051	0.01660676271	0.01236518644	0.001612983051	0.0001698090872	N
1485	0.0001388132017	0.01309173037	0.02670747046	3.88E-05	3.18E-05	0.001746491525	0.01567886441	0.01288077966	0.001746491525	0.0001889852203	F
1490	8.18E-05	0.008862057484	0.02948402884	3.89E-05	2.90E-05	0.001847813559	0.01412718644	0.01122642373	0.001847813559	0.0001038563022	F
1495	4.54E-05	0.007810739333	0.03253964551	3.71E-05	2.64E-05	0.00148140678	0.01368305085	0.009498067797	0.00148140678	0.0001415726969	F
1500	2.95E-05	0.005260990756	0.03297827522	4.47E-05	2.82E-05	0.001097932203	0.01241864407	0.01098859322	0.001097932203	9.24E-05	F
1505	2.69E-05	0.008184225894	0.03725169838	4.62E-05	2.89E-05	0.001067559322	0.01590661017	0.01163555932	0.001067559322	0.0002241893841	F
1510	1.83E-05	0.00800137207	0.03905693661	4.65E-05	2.84E-05	0.001019	0.01402083051	0.01158108475	0.001019	0.0001687490863	F
1515	2.12E-05	0.006817574163	0.03984411074	4.69E-05	2.89E-05	0.001082525424	0.01392361017	0.0116040339	0.001082525424	0.0001733910516	F
1520	2.91E-05	0.006798799584	0.03870975158	4.52E-05	2.69E-05	0.0009961355932	0.01377337288	0.01229976271	0.0009961355932	0.0001778861266	F
1525	3.19E-05	0.007942093798	0.0372534653	4.58E-05	2.72E-05	0.0009965084746	0.01390342373	0.01175774576	0.0009965084746	0.0001973696276	F
1530	3.14E-05	0.01068930072	0.03742776736	3.98E-05	2.21E-05	0.0008997457627	0.01249091525	0.01104640678	0.0008997457627	0.0002171948839	F
1535	3.84E-05	0.007896726273	0.03363459308	3.75E-05	1.97E-05	0.0009830847458	0.0105670339	0.01085722034	0.0009830847458	6.43E-05	F
1540	3.79E-05	0.009559044907	0.03636753834	3.55E-05	1.94E-05	0.001007474576	0.01132340678	0.01016710169	0.001007474576	7.83E-05	F
1545	3.56E-05	0.01133657392	0.03724611858	4.18E-05	2.06E-05	0.000880220339	0.01355733898	0.009356542373	0.000880220339	0.0001214426013	F
1550	3.11E-05	0.01288628955	0.03794382517	3.58E-05	2.21E-05	0.0008346101695	0.01294488136	0.008969983051	0.0008346101695	0.0001113357946	F
1555	0.000302101873	0.02695577026	0.03928098697	5.63E-05	2.38E-05	0.001591745763	0.01962750847	0.0103190678	0.001591745763	0.002474225855	F
1560	0.000333414462	0.02623797751	0.04015420109	5.75E-05	2.91E-05	0.001623728814	0.02254523729	0.01113222034	0.001623728814	0.002487306117	F
1565	0.0003049230654	0.02997164293	0.04269662231	5.35E-05	3.31E-05	0.001596864407	0.02260486441	0.01403386441	0.001596864407	0.002412294909	F
1570	0.000265663183	0.02803574307	0.03866863359	5.26E-05	3.19E-05	0.001554101695	0.0235559322	0.01436698305	0.001554101695	0.002321104236	F
1575	0.000185526043	0.02681683089	0.03815878345	4.61E-05	3.27E-05	0.001506728814	0.02252966102	0.01626840678	0.001506728814	0.002294434539	F
1580	9.09E-05	0.0259758709	0.03400269715	4.37E-05	3.25E-05	0.00149779661	0.02347901695	0.01738020339	0.00149779661	0.0022057585	F
1585	2.33E-05	0.01508155313	0.0334177378	1.75E-05	2.97E-05	0.0005976271186	0.01933935593	0.01775576271	0.0005976271186	0.0002505783062	F
1590	1.53E-05	0.01430417964	0.03423248218	2.00E-05	2.57E-05	0.0006966440678	0.01682189831	0.01659694915	0.0006966440678	0.0002065036491	F
1595	1.03E-05	0.01093485632	0.03021913484	2.57E-05	2.23E-05	0.0007275423729	0.01540635593	0.01514181356	0.0007275423729	9.89E-05	F
1600	1.05E-05	0.01383212101	0.03169460887	2.58E-05	2.61E-05	0.0009249661017	0.01562198305	0.01662779661	0.0009249661017	0.0001093153316	F
1605	8.26E-06	0.01529910384	0.0318597711	2.73E-05	2.46E-05	0.0009515254237	0.0149530339	0.01658350847	0.0009515254237	0.0001225694851	F
1610	7.92E-06	0.01635265994	0.02984501808	2.86E-05	2.25E-05	0.0009530169492	0.01429364407	0.0159509661	0.0009530169492	0.0001279729157	F
1615	1.03E-05	0.01766827004	0.02757371353	2.95E-05	2.05E-05	0.001004016949	0.01512249153	0.01585186441	0.001004016949	0.0003194541393	F
1620	1.49E-05	0.01733188902	0.02651910157	2.87E-05	1.81E-05	0.0008773559322	0.01577084746	0.01684066102	0.0008773559322	0.0003550929905	F
1625	1.44E-05	0.01673148672	0.0251647005	2.38E-05	1.64E-05	0.0007812881356	0.01598767797	0.01655845763	0.0007812881356	0.0003483122102	F
1630	2.23E-05	0.01898970302	0.02677842144	4.38E-05	1.92E-05	0.0008134237288	0.01912018644	0.01517110169	0.0008134237288	0.0004803630666	F
1635	2.32E-05	0.02112568076	0.03006806274	8.61E-05	2.70E-05	0.0007937966102	0.02278171186	0.01393255932	0.0007937966102	0.0005338743357	F
1640	2.33E-05	0.0232863338	0.0351083064	9.08E-05	3.54E-05	0.0007898474576	0.02403638983	0.01512033898	0.0007898474576	0.0005802425585	F
1645	2.59E-05	0.02221229928	0.03852539677	8.27E-05	3.70E-05	0.000789220339	0.02163020339	0.01506183051	0.000789220339	0.0003488668863	F
1650	2.18E-05	0.02497893019	0.03994253685	8.44E-05	4.10E-05	0.0007188135593	0.02319954237	0.01498333898	0.0007188135593	0.000346997948	F
1655	2.80E-05	0.02930894264	0.04412319317	5.21E-05	4.65E-05	0.0007975423729	0.02533394915	0.01484154237	0.0007975423729	0.0005734528332	F
1660	2.01E-05	0.02697645494	0.04425665561	3.64E-05	4.58E-05	0.0007132372881	0.02398118644	0.01344869492	0.0007132372881	0.0003165346845	F
1665	1.76E-05	0.02884540055	0.0460593998	4.15E-05	4.91E-05	0.000823	0.02664847458	0.01563516949	0.000823	0.0005116708537	F
1670	1.78E-05	0.02947363155	0.04723784317	4.42E-05	5.79E-05	0.0007825932203	0.02807440678	0.01496415254	0.0007825932203	0.000552258912	F
1675	0.0001083514391	0.03010042941	0.04651435261	5.83E-05	5.70E-05	0.001168033898	0.02795835593	0.01304244068	0.001168033898	0.0005641510429	F
1680	0.0001458510903	0.03465790636	0.04252993458	8.39E-05	6.39E-05	0.00158979661	0.03082045763	0.01347884746	0.00158979661	0.0007226291768	F
1685	0.0002851931265	0.03462351047	0.04245206583	0.0001419272562	6.64E-05	0.003531338983	0.03212215254	0.0137650339	0.003531338983	0.0009067641004	F
1690	0.0003521381395	0.03448549259	0.04118733497	0.0001716116068	6.56E-05	0.003549915254	0.0347209322	0.01464171186	0.003549915254	0.001038268509	F
1695	0.0004317098609	0.03275324471	0.03998474018	0.000202012745	6.64E-05	0.003505152542	0.03313045763	0.01247649153	0.003505152542	0.0008656559986	F
1700	0.0004517343951	0.03557322976	0.03877081539	0.0002337500152	6.03E-05	0.003617644068	0.03597557627	0.01183483051	0.003617644068	0.001097823327	F
1705	0.0003555559537	0.03679913446	0.0406199227	0.0002040924634	6.80E-05	0.003213576271	0.03816542373	0.01303649153	0.003213576271	0.001272639998	F
1710	0.0003363285866	0.03432848111	0.04354282187	0.0001919467296	7.71E-05	0.001948423729	0.03506966102	0.01240420339	0.001948423729	0.001196069326	F
1715	4.22E-05	0.03617328055	0.0451469677	5.72E-05	7.30E-05	0.0009513728814	0.03495061017	0.01202915254	0.0009513728814	0.001140858132	F
1720	6.93E-05	0.0363982794	0.04538565566	4.97E-05	7.00E-05	0.00103359322	0.03500011864	0.01331588136	0.00103359322	0.001099606245	F
1725	6.55E-05	0.03701307581	0.04417966453	4.86E-05	6.22E-05	0.001033050847	0.03613101695	0.012978	0.001033050847	0.001251928674	F
1730	6.74E-05	0.03376186598	0.03751614934	4.61E-05	5.16E-05	0.0008848983051	0.03047440678	0.01232672881	0.0008848983051	0.001051226278	F
1735	6.62E-05	0.03430996193	0.03528354377	4.31E-05	4.40E-05	0.0009586101695	0.0298329322	0.01214371186	0.0009586101695	0.0009306396147	F
1740	6.76E-05	0.04102898449	0.0369350317	4.71E-05	3.50E-05	0.00101840678	0.03788771186	0.01250520339	0.00101840678	0.001524405653	F
1745	6.39E-05	0.04367650598	0.03929696844	5.12E-05	4.14E-05	0.0009873559322	0.04165972881	0.01263286441	0.0009873559322	0.001564197357	F
1750	5.82E-05	0.0404675459	0.03784829558	4.37E-05	4.12E-05	0.0008118813559	0.03705676271	0.01259852542	0.0008118813559	0.001456469739	F
1755	5.83E-05	0.04102774185	0.03593492549	4.34E-05	4.15E-05	0.0007136271186	0.03778137288	0.01459135593	0.0007136271186	0.001498842073	F
1760	5.68E-05	0.04467761691	0.03975319841	4.29E-05	4.73E-05	0.000804559322	0.04175966102	0.01540822034	0.000804559322	0.001493698553	F
1765	6.40E-05	0.04473476481	0.04151656133	4.19E-05	5.01E-05	0.0007381525424	0.04277408475	0.01567532203	0.0007381525424	0.00165470817	F
1770	5.68E-05	0.03940820695	0.0384149364	4.05E-05	4.62E-05	0.0007587118644	0.03491162712	0.01354459322	0.0007587118644	0.00114655707	F
1775	6.44E-05	0.03874139497	0.03302525258	3.78E-05	4.16E-05	0.0007903559322	0.03378001695	0.01378520339	0.0007903559322	0.00110761213	F
1780	5.74E-05	0.04172197056	0.03551455456	3.91E-05	4.58E-05	0.000761440678	0.04037274576	0.01424188136	0.000761440678	0.001359306661	F
1785	6.04E-05	0.03974994585	0.03508334457	3.61E-05	4.88E-05	0.0008963898305	0.04368433898	0.01234422034	0.0008963898305	0.001353790988	F
1790	9.87E-05	0.03839024623	0.03495692788	3.93E-05	4.89E-05	0.0008992711864	0.04596374576	0.01202527119	0.0008992711864	0.001394910171	F
1795	0.0001571944843	0.03590907277	0.03351876629	0.0001048054964	4.81E-05	0.0009863389831	0.04793549153	0.01204537288	0.0009863389831	0.001268789328	F
1800	0.0001615510007	0.03184625699	0.02950513089	0.0002002573486	4.01E-05	0.0009913559322	0.04458994915	0.01356971186	0.0009913559322	0.00117089367	F
1805	0.0001458211111	0.02642989792	0.02897086079	0.00025953725	3.41E-05	0.001061644068	0.03836844068	0.01417610169	0.001061644068	0.0009184801568	F
1810	0.0001340646301	0.02159269249	0.02376835223	0.0002344160151	2.80E-05	0.001175949153	0.03244808475	0.01380642373	0.001175949153	0.0005846244713	F
1815	0.0002408803095	0.02197466085	0.02302338264	0.0001800528726	4.18E-05	0.001741644068	0.02863315254	0.01520084746	0.001741644068	0.0007684020448	F
1820	0.000337072305	0.01914250789	0.02296811319	0.000263512112	3.73E-05	0.001853864407	0.02683369492	0.01636388136	0.001853864407	0.001066252667	F
1825	0.0003541758591	0.02209474291	0.02357391857	0.0003873138125	4.00E-05	0.002032661017	0.03566628814	0.02084788136	0.002032661017	0.001947587939	F
1830	0.0003284518906	0.0234200968	0.02353952922	0.0004015311589	4.15E-05	0.001962338983	0.0408839661	0.01922588136	0.001962338983	0.001946662486	F
1835	0.000292706271	0.025789019	0.02171060034	0.000308729556	4.31E-05	0.002174525424	0.04848781356	0.01872008475	0.002174525424	0.002423923139	F
1840	0.0002054913626	0.0247219019	0.02378216421	0.0001691067507	4.62E-05	0.002444237288	0.04893825424	0.019508	0.002444237288	0.00192120228	F
1845	7.58E-05	0.02625298346	0.02793489306	7.51E-05	3.95E-05	0.001911423729	0.05610976271	0.01873391525	0.001911423729	0.001993390655	F
1850	0.0001755830849	0.03257127368	0.0342995477	0.0001096112622	4.72E-05	0.002062152542	0.05705466102	0.01636086441	0.002062152542	0.002202518482	F
1855	0.000259224138	0.03243370405	0.03040786001	9.26E-05	3.96E-05	0.00183859322	0.04592422034	0.01398811864	0.00183859322	0.001951554135	F
1860	0.0002945070777	0.03673881036	0.03671430876	9.97E-05	5.76E-05	0.001897864407	0.04924150847	0.01491769492	0.001897864407	0.001910565397	F
1865	0.0002627315075	0.03501462169	0.03684750058	0.0001086734589	5.69E-05	0.001658847458	0.04303171186	0.01328454237	0.001658847458	0.001167379805	F
1870	0.000160278866	0.03717838598	0.03577146393	0.0001061449561	5.15E-05	0.001360033898	0.04315310169	0.01309115254	0.001360033898	0.001228056824	F
1875	4.67E-05	0.03337533222	0.03318531983	8.87E-05	4.55E-05	0.001007491525	0.03716815254	0.01306813559	0.001007491525	0.0007712601032	F
1880	4.15E-05	0.031971109	0.03117951997	8.73E-05	4.17E-05	0.001131830508	0.03560333898	0.01560522034	0.001131830508	0.0007774608228	F
1885	3.84E-05	0.03309780214	0.02832434757	8.13E-05	4.33E-05	0.001234542373	0.03595547458	0.01393654237	0.001234542373	0.0008659506661	F
1890	2.31E-05	0.02896618664	0.02390528709	6.90E-05	2.57E-05	0.001225949153	0.03160977966	0.01474289831	0.001225949153	0.0006321143118	F
1895	2.96E-05	0.02665452124	0.0206110299	5.48E-05	2.40E-05	0.001345491525	0.03229677966	0.01417683051	0.001345491525	0.0006402913147	F
1900	0.0002506275503	0.02418238065	0.02381839182	8.07E-05	2.65E-05	0.002632423729	0.02927888136	0.01414138983	0.002632423729	0.0005880330818	F
1905	0.0005307909421	0.02447491946	0.02514714065	0.0001474347253	3.30E-05	0.003773779661	0.02892281356	0.01465542373	0.003773779661	0.0006851661424	F
1910	0.0005683833413	0.0219507589	0.02238056351	0.0001470166892	4.10E-05	0.003686745763	0.02573827119	0.01288125424	0.003686745763	0.0005920956981	F
1915	0.0005749336809	0.01567058711	0.02560774008	0.0001224837596	3.55E-05	0.003573711864	0.02263574576	0.01395215254	0.003573711864	0.0003397670166	F
1920	0.0005073294573	0.01444886646	0.02462178359	0.000116922325	3.69E-05	0.003559135593	0.02156498305	0.0139470339	0.003559135593	0.0003123731306	F
1925	0.0004085008735	0.01124457553	0.02306804144	9.87E-05	3.35E-05	0.003419305085	0.02023611864	0.01416815254	0.003419305085	0.0002896942021	F
1930	0.0002615366097	0.008912023456	0.01797644561	9.10E-05	2.60E-05	0.002180711864	0.02049254237	0.01527822034	0.002180711864	0.0002709670588	F
1935	2.69E-05	0.008873259981	0.01458399384	7.03E-05	2.31E-05	0.00113320339	0.02061610169	0.01440367797	0.00113320339	0.0002416862013	F
1940	2.10E-05	0.007104899741	0.01567788548	6.89E-05	1.74E-05	0.0009789491525	0.01975201695	0.01345555932	0.0009789491525	0.0002070720272	F
1945	0.0001068598495	0.008000912624	0.01111445005	7.12E-05	2.02E-05	0.001504474576	0.01871355932	0.01427601695	0.001504474576	0.0001601029666	F
1950	0.0001424293192	0.01325288981	0.01529060905	8.47E-05	1.89E-05	0.001525457627	0.02120049153	0.01367152542	0.001525457627	0.0005355127158	F
1955	0.0001571296797	0.01405532792	0.01548991628	8.24E-05	2.03E-05	0.001650728814	0.02123833898	0.01300559322	0.001650728814	0.0005390872092	F
1960	0.000150996887	0.01727374595	0.01756840914	8.53E-05	2.91E-05	0.001619847458	0.02296698305	0.01162435593	0.001619847458	0.0006984159497	F
1965	0.0001320067874	0.01761777073	0.01655122791	7.89E-05	2.85E-05	0.001508711864	0.02189561017	0.01070833898	0.001508711864	0.0006715449035	F
1970	6.71E-05	0.02062576968	0.01475417854	6.07E-05	2.66E-05	0.00119640678	0.02255320339	0.01061194915	0.00119640678	0.0006692595282	F
1975	1.82E-05	0.01952649879	0.01478341258	4.51E-05	2.51E-05	0.001013576271	0.02539983051	0.009599813559	0.001013576271	0.0007211944477	F
1980	1.39E-05	0.01637038779	0.008470628246	3.58E-05	2.27E-05	0.0009343898305	0.02356511864	0.008694372881	0.0009343898305	0.0005493790559	F
1985	1.31E-05	0.01841279415	0.00942738039	3.77E-05	2.34E-05	0.0008354237288	0.02483233898	0.009603338983	0.0008354237288	0.0005378390732	F
1990	1.41E-05	0.01573841022	0.007233628618	4.41E-05	1.60E-05	0.0007936779661	0.02849169492	0.009206694915	0.0007936779661	0.0004810574802	F
1995	1.63E-05	0.01890147502	0.009216508719	4.28E-05	1.83E-05	0.001018220339	0.0310399661	0.009819440678	0.001018220339	0.0005633447084	F
2000	6.90E-05	0.01795939341	0.01012303418	5.72E-05	2.68E-05	0.001570932203	0.03114184746	0.01184876271	0.001570932203	0.0007760511953	F
2005	0.0001100289566	0.01962635235	0.01086797302	7.43E-05	2.59E-05	0.001941305085	0.03267308475	0.01221152542	0.001941305085	0.0009621137227	F
2010	0.000126881573	0.01983531049	0.01337821384	8.42E-05	2.58E-05	0.002138711864	0.03109479661	0.01235837288	0.002138711864	0.0008854758207	F
2015	0.0001078593835	0.01830407198	0.01481322932	8.32E-05	2.72E-05	0.002252508475	0.03112040678	0.01122333898	0.002252508475	0.0009528787006	F
2020	7.15E-05	0.02090344029	0.01540086583	8.37E-05	3.38E-05	0.002463864407	0.0296789322	0.01281798305	0.002463864407	0.001017502909	F
2025	3.05E-05	0.01902602954	0.01834990294	6.85E-05	3.27E-05	0.002403576271	0.02856981356	0.01310805085	0.002403576271	0.00101922533	F
2030	4.95E-05	0.01789600915	0.01857566025	4.30E-05	2.55E-05	0.002122898305	0.0293599322	0.01202284746	0.002122898305	0.0008947204267	F
2035	0.0002924023851	0.01585713381	0.02236100126	0.0001753152797	3.09E-05	0.002176830508	0.02778669492	0.01103528814	0.002176830508	0.0007308355589	F
2040	0.0005898942084	0.01508635928	0.0236178614	0.0002331062121	4.26E-05	0.003076915254	0.02786991525	0.01259210169	0.003076915254	0.0008613600226	F
2045	0.0006823258097	0.01743039513	0.02744743396	0.0002689173285	0.0001127987454	0.003363610169	0.02700938983	0.01311283051	0.003363610169	0.0008185462265	F
2050	0.0006643049527	0.01614949835	0.02726097351	0.0003575659413	0.0001100526908	0.003177542373	0.02631011864	0.01231813559	0.003177542373	0.0008738906865	F
2055	0.000617404406	0.01448317512	0.02436369331	0.0004323103948	0.0001095365366	0.002981728814	0.02560769492	0.01194471186	0.002981728814	0.0008357005194	F
2060	0.0006086663954	0.01548097934	0.02462745259	0.0004764061316	0.0001078085869	0.002588101695	0.02784405085	0.01385216949	0.002588101695	0.0009707033979	F
2065	0.0003614813629	0.0141403706	0.01905759426	0.0002850587093	9.27E-05	0.002738881356	0.02862683051	0.01481330508	0.002738881356	0.0006750256103	F
2070	6.85E-05	0.01453293761	0.01513914336	7.41E-05	8.37E-05	0.001703983051	0.03264742373	0.01321827119	0.001703983051	0.0007631837734	F
2075	3.94E-05	0.0078451578	0.003821511162	5.29E-05	3.34E-05	0.001413423729	0.03247630508	0.01264122034	0.001413423729	0.000715311213	F
2080	3.47E-05	0.009911363854	0.003831188023	5.26E-05	3.08E-05	0.001554457627	0.03143416949	0.01305359322	0.001554457627	0.0007188660554	F
2085	2.81E-05	0.01042295182	0.003104870412	5.54E-05	3.21E-05	0.001677661017	0.03450571186	0.01376869492	0.001677661017	0.0008352524274	F
2090	2.60E-05	0.009438976416	0.002190334219	5.38E-05	3.13E-05	0.001701847458	0.03472871186	0.01252661017	0.001701847458	0.0008264781312	R
2095	5.74E-05	0.01480720159	0.007021463019	6.48E-05	3.61E-05	0.00174240678	0.03634852542	0.01289322034	0.00174240678	0.0008879123555	R
2100	0.0001123463482	0.01949565508	0.008574138331	6.92E-05	5.03E-05	0.001688305085	0.03750816949	0.0138859322	0.001688305085	0.001036361823	R
2105	0.0001279190645	0.01968759394	0.008580653938	6.92E-05	5.52E-05	0.001629610169	0.03976976271	0.01482850847	0.001629610169	0.001097722306	R
2110	0.0001132372459	0.01958332135	0.008537123234	8.48E-05	5.44E-05	0.001522915254	0.04646086441	0.01377415254	0.001522915254	0.001402037406	R
2115	0.0002586574318	0.02721078806	0.02278331326	0.0002724297787	6.97E-05	0.002250050847	0.05610328814	0.01374030508	0.002250050847	0.001822597516	R
2120	0.0003642236726	0.02870598427	0.038026137	0.0006127019252	7.16E-05	0.002004644068	0.05263216949	0.01393167797	0.002004644068	0.002012659623	R
2125	0.0004306133644	0.02533738172	0.03866209057	0.000681778458	5.88E-05	0.001718644068	0.04893157627	0.01197486441	0.001718644068	0.002251018403	R
2130	0.0004517921194	0.02387512305	0.03755702908	0.0006277254953	4.58E-05	0.00179220339	0.04162049153	0.01158583051	0.00179220339	0.002026565279	R
2135	0.0003866670007	0.02072267028	0.03283381564	0.0005002614631	4.49E-05	0.001853677966	0.03756754237	0.01132649153	0.001853677966	0.001782749889	R
2140	0.0002790437041	0.02111701538	0.0285760903	0.0002855386863	4.58E-05	0.001726033898	0.03261694915	0.01072861017	0.001726033898	0.001164608407	R
2145	0.0007570037143	0.01959803425	0.02119548053	0.0001425300825	4.49E-05	0.001933118644	0.02533216949	0.0104769661	0.001933118644	0.00169157353	R
2150	0.001954015477	0.02617502403	0.02571812271	0.0002063564489	5.03E-05	0.004291050847	0.03172864407	0.01425315254	0.004291050847	0.002038857448	R
2155	0.003480732401	0.02948687913	0.03071246044	0.0003540171538	0.0001078630417	0.01009057627	0.03628255932	0.02223701695	0.01009057627	0.001635484118	R
2160	0.00475144882	0.03344247191	0.04288673709	0.0006896775077	0.0006227974641	0.01204528814	0.03729640678	0.02580283051	0.01204528814	0.001455781767	R
2165	0.006770842359	0.03596782677	0.05062302608	0.0009060788161	0.001005688451	0.01227325424	0.0369479322	0.0282329661	0.01227325424	0.001221389163	R
2170	0.007004353645	0.02991578261	0.05383868485	0.0009673899841	0.001026377071	0.01304357627	0.03352669492	0.02982416949	0.01304357627	0.001157976223	R
2175	0.007612522985	0.02369589953	0.04864838707	0.0009530803073	0.001013939467	0.01249984746	0.02424161017	0.03030211864	0.01249984746	0.0001193555769	R
2180	0.006309251863	0.01803852761	0.05305563324	0.0006508402794	0.0008495730409	0.01421722034	0.02022689831	0.02644927119	0.01421722034	0.0002755920286	R
2185	0.00290680317	0.01294328525	0.04554306451	0.0002424429657	0.0006898217267	0.009224305085	0.01676091525	0.02374983051	0.009224305085	0.0002473495074	R
2190	0.002317554948	0.01559629144	0.05456847443	0.0002527219934	0.0005550027469	0.009108322034	0.01434850847	0.03133561017	0.009108322034	0.0008832763858	R
2195	0.002754977379	0.0228006004	0.0698278033	0.0002608478069	0.0009102662831	0.01008733898	0.01581323729	0.03228725424	0.01008733898	0.0006486053567	R
2200	0.004271026438	0.02436727581	0.07871614228	0.000351103487	0.001156218236	0.01313042373	0.01769542373	0.04004681356	0.01313042373	0.002306793594	R
2205	0.003363976897	0.03137319523	0.08984410626	0.0004049344376	0.00105845407	0.01230232203	0.02030179661	0.04125618644	0.01230232203	0.002596824254	R
2210	0.004089949355	0.0296516448	0.08603141049	0.0003515095164	0.001022906039	0.01265623729	0.01847374576	0.0419549322	0.01265623729	0.002735301511	R
2215	0.003729313194	0.03630938806	0.08866796528	0.0003721995176	0.0006876241225	0.01436386441	0.02267584746	0.04451423729	0.01436386441	0.002720013245	R
2220	0.003892641497	0.03983389708	0.08039052971	0.0004127930719	0.0006071630098	0.01494244068	0.03308818644	0.03684050847	0.01494244068	0.001575293485	R
2225	0.004115966163	0.0381952802	0.07538790913	0.0003510345272	0.0005776196427	0.01552910169	0.03466720339	0.03750025424	0.01552910169	0.001578954125	R
2230	0.003975968787	0.03694442379	0.07035058784	0.000312954458	0.000564282762	0.01549772881	0.03678681356	0.03614450847	0.01549772881	0.0006040151425	R
2235	0.005894050128	0.0378675935	0.0864036814	0.0003863218405	0.0004937017014	0.01504359322	0.03784976271	0.03447194915	0.01504359322	9.24E-05	R
2240	0.005147319874	0.03576125601	0.0976593613	0.0004145792609	0.0005760370308	0.01332986441	0.03579852542	0.03499169492	0.01332986441	0.0005079868315	R
2245	0.004903378421	0.02502607658	0.09332032562	0.0004207514783	0.0005125752837	0.01272822034	0.03372671186	0.03567816949	0.01272822034	0.0003085469893	R
2250	0.007670861131	0.02283091357	0.09590387679	0.0004730582972	0.0004201627573	0.01303827119	0.02761059322	0.03676357627	0.01303827119	0.000924190047	R
2255	0.009563219917	0.02283171733	0.0947813287	0.0005550192677	0.0005327039219	0.01280940678	0.02659388136	0.03847754237	0.01280940678	0.00107110741	R
2260	0.009313409703	0.02309571586	0.1098373437	0.0004903453072	0.0006029999346	0.01056966102	0.02172132203	0.03441798305	0.01056966102	0.002123654654	R
2265	0.007744159297	0.01987533948	0.09317921579	0.0005329645499	0.0006427758691	0.009974372881	0.02205501695	0.03865361017	0.009974372881	0.001971791055	R
2270	0.007530193947	0.02383149923	0.07835195316	0.0005286683121	0.0006909842421	0.01110538983	0.02506864407	0.03880342373	0.01110538983	0.001300304141	R
2275	0.007074750183	0.03295764408	0.07164821636	0.0005063297313	0.0006178280573	0.009301881356	0.02384142373	0.0356860339	0.009301881356	0.001175268594	R
2280	0.00461798021	0.03640765482	0.07437692219	0.0003870068527	0.0005724332294	0.006647508475	0.02164930508	0.03285271186	0.006647508475	0.001288162292	R
2285	0.001957782129	0.03545138157	0.08438386339	0.0001972369568	0.0004313326071	0.006459830508	0.02084694915	0.03206589831	0.006459830508	0.001324591723	R
2290	0.0009799935078	0.03461337771	0.0814295205	0.0001692143795	0.0002808794239	0.004839152542	0.01918918644	0.02955455932	0.004839152542	0.0007101105304	R
2295	0.000689302997	0.03099054988	0.08021248784	9.96E-05	0.0002089953707	0.004891135593	0.01884915254	0.02567389831	0.004891135593	0.0004237975503	R
2300	0.0003476314254	0.02949143595	0.08007470853	0.0001064731498	0.0001298014895	0.004353779661	0.01630742373	0.02274405085	0.004353779661	0.0004528339693	R
2305	0.003150843118	0.02741653188	0.07009103723	0.001687526597	0.0002626358543	0.00773659322	0.02961213559	0.02490169492	0.00773659322	0.004978068236	R
2310	0.003218294003	0.02547814095	0.08318813862	0.00172018475	0.0003295984787	0.007215355932	0.02816589831	0.02169398305	0.007215355932	0.004751447851	R
2315	0.003256506467	0.02653838169	0.09509857562	0.001704257875	0.0003825617927	0.007143677966	0.02815232203	0.01654472881	0.007143677966	0.004770411538	R
2320	0.003639341011	0.03421295247	0.09751919884	0.001872446566	0.0004828166162	0.008626627119	0.03501766102	0.01487176271	0.008626627119	0.004712647607	R
2325	0.003898818103	0.04846376007	0.1009896389	0.001983259755	0.0005551679416	0.008091898305	0.04076428814	0.01715491525	0.008091898305	0.004556173573	R
2330	0.004879632899	0.0630650261	0.08255321273	0.001758315872	0.0006057769918	0.009170983051	0.05369277966	0.01796416949	0.009170983051	0.00668165846	R
2335	0.005677564131	0.08287920058	0.0677632841	0.00147198055	0.0006437359227	0.007132474576	0.03971937288	0.01898355932	0.007132474576	0.005912565728	R
2340	0.005231469327	0.09629178597	0.08052598934	0.001585789296	0.0005269882682	0.007315186441	0.03821513559	0.02066181356	0.007315186441	0.005783169122	R
2345	0.0041748156	0.1098477889	0.0758711192	0.00134543817	0.0002810679593	0.007490084746	0.03577713559	0.0206249322	0.007490084746	0.005412659446	R
2350	0.004317199571	0.09428766095	0.06956733848	0.001229809375	8.49E-05	0.007635932203	0.02783542373	0.02095016949	0.007635932203	0.003344852146	R
2355	0.004823531074	0.09744899497	0.06881672915	0.001525926415	7.86E-05	0.008110474576	0.02806972881	0.01941245763	0.008110474576	0.006201981097	R
2360	0.004451231601	0.08703259591	0.06549170579	0.001505436951	6.55E-05	0.006769847458	0.01746750847	0.01801567797	0.006769847458	0.006542803107	R
2365	0.002566334058	0.09094598882	0.06280631394	0.001686029525	4.36E-05	0.006069322034	0.02668669492	0.01875005085	0.006069322034	0.005164245614	R
2370	0.002707136253	0.07733123492	0.06333193328	0.00175150913	5.69E-05	0.00628	0.03219838983	0.0216039322	0.00628	0.003851120465	R
2375	0.003213699965	0.05324695305	0.06896656051	0.001669912422	5.62E-05	0.006191118644	0.03366079661	0.02090016949	0.006191118644	0.002404226918	R
2380	0.00339352859	0.03063980574	0.07166340043	0.001133344203	5.99E-05	0.005672457627	0.03623364407	0.02356667797	0.005672457627	0.002010395284	R
2385	0.001796615437	0.02769499156	0.06120355994	0.0004203134461	7.39E-05	0.006244728814	0.04080120339	0.02223184746	0.006244728814	0.001963339565	N
2390	0.001505669295	0.02531504853	0.04982431896	0.0002454113465	8.26E-05	0.005908677966	0.04159264407	0.0218469322	0.005908677966	0.00183371614	N
2395	0.001879133716	0.0389606446	0.05178843804	0.0003630650666	8.32E-05	0.007382542373	0.03736445763	0.02008842373	0.007382542373	0.002232179181	N
2400	0.001849828315	0.03798137586	0.04623996471	0.0003792525114	7.67E-05	0.007274881356	0.03518035593	0.01787288136	0.007274881356	0.002185413651	N
2405	0.001732263588	0.03897290775	0.04692439366	0.0003341421111	7.87E-05	0.007280084746	0.03909625424	0.01823628814	0.007280084746	0.002655434871	N
2410	0.001198743031	0.03576665843	0.04155856426	0.000286285361	7.07E-05	0.006386220339	0.03707488136	0.01492554237	0.006386220339	0.002393185524	N
2415	0.001183080309	0.0309244188	0.03791890025	0.0002849242944	5.88E-05	0.006358152542	0.03117862712	0.01594071186	0.006358152542	0.002106905074	N
2420	0.001051784377	0.03019332713	0.03491945393	0.0002224316492	5.00E-05	0.006164915254	0.03046264407	0.01496355932	0.006164915254	0.002183154389	N
2425	0.0004597972038	0.01261158293	0.02697677398	0.0001539286103	4.89E-05	0.005427457627	0.02613838983	0.01551915254	0.005427457627	0.0005339028059	N
2430	0.0004656443139	0.009208119602	0.01942532513	0.0001339139094	4.03E-05	0.005862881356	0.02808910169	0.01403167797	0.005862881356	0.0005848427642	N
2435	0.001524940277	0.01884441449	0.03096750175	0.0001445253269	4.40E-05	0.006157694915	0.03342977966	0.01741715254	0.006157694915	0.001818251003	N
2440	0.001627832039	0.02748213102	0.03850627015	0.0001700169985	6.57E-05	0.005838288136	0.04296755932	0.02231362712	0.005838288136	0.002301335188	N
2445	0.001973660182	0.03750641685	0.03935602709	0.0001827211018	7.16E-05	0.005360711864	0.04754574576	0.02082632203	0.005360711864	0.004435749783	N
2450	0.002292873662	0.03976257246	0.04496473892	0.0002533562701	7.44E-05	0.005057542373	0.05049632203	0.02190630508	0.005057542373	0.00496924405	N
2455	0.001726016512	0.03526015792	0.04685095833	0.0002533277129	5.84E-05	0.004352457627	0.05265183051	0.02169666102	0.004352457627	0.004195540445	N
2460	0.001362059176	0.03219401684	0.04662091484	0.0002645234369	3.88E-05	0.003538118644	0.05463359322	0.02267625424	0.003538118644	0.003457535131	N
2465	0.001072224861	0.03012534026	0.03732646857	0.0002753343793	3.24E-05	0.003316762712	0.04496357627	0.02110240678	0.003316762712	0.003826773657	N
2470	0.001431298697	0.03007744733	0.03402476968	0.0004314460504	3.32E-05	0.003844898305	0.03617898305	0.01689711864	0.003844898305	0.004040937685	N
2475	0.001730941709	0.03557056833	0.03889123343	0.0006335609079	4.64E-05	0.004377016949	0.03205379661	0.01774535593	0.004377016949	0.004165913584	N
2480	0.004850189315	0.04098161457	0.04439422533	0.0006726091893	0.0001595055572	0.009810898305	0.03311984746	0.024333	0.009810898305	0.00331166123	N
2485	0.005755438565	0.04260062446	0.04777154103	0.0007301153644	0.0003460424183	0.01165749153	0.03235669492	0.02592533898	0.01165749153	0.002889970974	N
2490	0.007664466841	0.04374994341	0.0525313476	0.001039742213	0.0003780943366	0.01684511864	0.0331710339	0.02686684746	0.01684511864	0.002489086205	N
2495	0.008799553732	0.02744609781	0.0430594953	0.001562476907	0.000932135882	0.01986713559	0.03288208475	0.02816310169	0.01986713559	0.0003843594845	N
2500	0.008564403034	0.02716050123	0.04473899869	0.001796814465	0.001024610682	0.02134950847	0.03115438983	0.02940898305	0.02134950847	0.0003080525275	N
2505	0.007732475389	0.03329661217	0.05354375648	0.002041410875	0.0008308193617	0.02550227119	0.03703922034	0.03247452542	0.02550227119	0.000566087665	N
2510	0.01311719592	0.03834196157	0.04743868168	0.002355910116	0.0008999459798	0.02114333898	0.03050455932	0.02408255932	0.02114333898	0.0009103604742	N
2515	0.01530918278	0.04206741843	0.04289439014	0.002331558333	0.0008993087928	0.02138954237	0.02750984746	0.02452837288	0.02138954237	0.000825911073	N
2520	0.01152594576	0.04436130336	0.04351774823	0.001755642048	0.0006557489095	0.01794801695	0.02459944068	0.02497618644	0.01794801695	0.0008982720012	N
2525	0.009202839085	0.06130988524	0.04759466242	0.001172630065	0.0005895469936	0.01614874576	0.02536015254	0.02165316949	0.01614874576	0.0004976231762	N
2530	0.008696043582	0.05964708298	0.0522676872	0.001199843739	0.0005729969981	0.01354440678	0.02668377966	0.02398518644	0.01354440678	0.0003078623085	N
2535	0.006840726843	0.05818780188	0.04867441198	0.0005401327103	0.0004595715362	0.01109769492	0.02262911864	0.02056289831	0.01109769492	0.0003890698462	N
2540	0.007831792413	0.0530798589	0.05348997272	0.001253950943	0.0005972952856	0.01664261017	0.03178654237	0.02318398305	0.01664261017	0.0007463405915	N
2545	0.008643795941	0.04645489713	0.05847382441	0.002679567406	0.0007442976884	0.01537545763	0.03776415254	0.02389176271	0.01537545763	0.001008764478	N
2550	0.008560280781	0.04466532165	0.0746604437	0.00269365186	0.000693418584	0.01714347458	0.0393360678	0.02765471186	0.01714347458	0.000521269773	N
2555	0.01481298334	0.02558422125	0.08253892396	0.002638281633	0.001291652673	0.01505967797	0.03240213559	0.02597638983	0.01505967797	0.0002665241232	N
2560	0.02196324412	0.02754166166	0.08575190926	0.00266015658	0.001995946096	0.01531974576	0.03104962712	0.02418322034	0.01531974576	0.0003340541146	N
2565	0.02601538264	0.02399380145	0.08716712764	0.002745888839	0.00212038196	0.01687794915	0.03240154237	0.02512061017	0.01687794915	0.000310482853	N
2570	0.02360946291	0.0239595974	0.09114788606	0.002624690313	0.001781972528	0.0177180339	0.02895432203	0.02500588136	0.0177180339	0.00115467141	N
2575	0.01677390839	0.02537150664	0.1172930501	0.001018312676	0.001277311212	0.02018630508	0.02772059322	0.02686137288	0.02018630508	0.003809521578	N
2580	0.01120369897	0.02444311682	0.1200089465	0.0007491548939	0.001119814493	0.01715050847	0.02454854237	0.02170838983	0.01715050847	0.006693888448	N
2585	0.01235449361	0.02900923249	0.1199202975	0.001444722866	0.001135775542	0.01882383051	0.02756028814	0.02327505085	0.01882383051	0.007687147472	N
2590	0.021016681	0.02394160644	0.09261092346	0.002561826014	0.0007462572704	0.02371516949	0.03444418644	0.02849335593	0.02371516949	0.005465088844	N
2595	0.02478603466	0.02163804844	0.06675755595	0.00280597676	0.0004321927955	0.0213270339	0.03214242373	0.02884050847	0.0213270339	0.0046721397	N
2600	0.02980369623	0.02823252785	0.06562483116	0.00317364004	0.0002323646422	0.01627437288	0.03262420339	0.02700698305	0.01627437288	0.004363355158	N
2605	0.02645773234	0.02737149426	0.05627813133	0.003458788489	0.0003217655877	0.01434155932	0.03395388136	0.02421064407	0.01434155932	0.004044944614	N
2610	0.01863525333	0.02966733427	0.05501417234	0.002977472713	0.0001939733267	0.01401716949	0.03734586441	0.02385557627	0.01401716949	0.002631408716	N
2615	0.008319805884	0.03742695462	0.05977687927	0.001216245693	0.0002048139045	0.01561822034	0.04935867797	0.02748145763	0.01561822034	0.003373255248	N
2620	0.005427113021	0.05061217883	0.07659732246	0.000456420303	0.0004094768684	0.01104391525	0.0414319322	0.02273820339	0.01104391525	0.003824286297	N
2625	0.007010240411	0.05933086133	0.09498348061	0.0009186986696	0.0004944237258	0.01522267797	0.0545459322	0.02210610169	0.01522267797	0.005002426699	N
2630	0.006276593633	0.04747047199	0.1086907777	0.000923955157	0.0005125058662	0.0149510678	0.04810418644	0.02296845763	0.0149510678	0.002747891516	N
2635	0.00949389587	0.04688532882	0.1064251841	0.003680225886	0.0005194456591	0.01571359322	0.04733159322	0.02249005085	0.01571359322	0.001474195923	N
2640	0.01008717614	0.04129318918	0.09515549531	0.004640674597	0.0005299933791	0.01544247458	0.04628818644	0.02268433898	0.01544247458	0.001227443851	N
2645	0.008637270849	0.04843734763	0.08430379032	0.004646142597	0.0005014913074	0.01164420339	0.03884323729	0.01940489831	0.01164420339	0.000857661062	N
2650	0.007312717712	0.05604979696	0.07968916893	0.003266189369	0.0002832338825	0.01220266102	0.03995077966	0.01994716949	0.01220266102	0.002053702894	N
2655	0.005158597979	0.0440704249	0.06904045187	0.00234406647	0.0001509851097	0.006937372881	0.02766827119	0.01842374576	0.006937372881	0.001725270567	N
2660	0.002308447154	0.0197999074	0.05927306243	0.001176353004	0.000103198541	0.004181016949	0.03485618644	0.01747389831	0.004181016949	0.002705372779	N
2665	0.001235349247	0.02067108828	0.06510789474	0.001439239367	7.79E-05	0.004583067797	0.03619177966	0.01712515254	0.004583067797	0.002256289992	N
2670	0.0006302913486	0.02038673543	0.06414934124	0.001081504583	5.03E-05	0.004203966102	0.03373313559	0.01487045763	0.004203966102	0.001939197503	N
2675	0.0006182384874	0.01921580423	0.06149590451	0.0007988531187	4.94E-05	0.004229881356	0.03270886441	0.01391505085	0.004229881356	0.002022104856	N
2680	0.0004899410981	0.02137247847	0.0625664909	0.0005578018987	4.41E-05	0.003620237288	0.04005038983	0.01312932203	0.003620237288	0.002442718694	N
2685	0.0003924574891	0.02407334287	0.06226025974	0.000456422333	5.14E-05	0.003678627119	0.04214386441	0.01265830508	0.003678627119	0.00238108275	N
2690	0.0003674732368	0.02602102881	0.06187965653	0.0002891891698	6.87E-05	0.003001152542	0.04424223729	0.01012749153	0.003001152542	0.002089827893	R
2695	0.0002862330597	0.02594717119	0.06325276762	0.0001099980351	6.38E-05	0.002085491525	0.04499632203	0.0107359322	0.002085491525	0.001536605487	R
2700	0.0002535130618	0.03104547267	0.07022882093	6.50E-05	9.12E-05	0.00194459322	0.04993794915	0.01216340678	0.00194459322	0.001591301726	R
2705	0.000165485879	0.03533071557	0.07489788625	5.93E-05	9.86E-05	0.001902	0.05084123729	0.01077810169	0.001902	0.001741599935	R
2710	0.0001362824026	0.03322388627	0.07010783582	0.0001553879506	0.0001115124877	0.002016576271	0.04739254237	0.01181516949	0.002016576271	0.001548451173	R
2715	0.0008152251755	0.03680772352	0.06403908276	0.0004709483068	0.0001103937338	0.002057881356	0.04475259322	0.01137745763	0.002057881356	0.001789702725	R
2720	0.001078217216	0.03742994899	0.05859145873	0.0005645352988	8.26E-05	0.002484016949	0.04187083051	0.01178411864	0.002484016949	0.001988269847	R
2725	0.001705229899	0.04362224464	0.05652087162	0.0008855764948	9.67E-05	0.004916491525	0.04111759322	0.01310833898	0.004916491525	0.001510259726	R
2730	0.00264588308	0.04902130448	0.04691598495	0.001045909898	0.0001194354095	0.009186220339	0.04040010169	0.01538076271	0.009186220339	0.001119481778	R
2735	0.003539127113	0.04894263629	0.04554447	0.001126871818	0.0001158940416	0.01305330508	0.03841211864	0.01852591525	0.01305330508	0.0009896569369	R
2740	0.003940229546	0.05355835375	0.05037876394	0.001288509083	0.0001019954395	0.01336094915	0.03526261017	0.01908574576	0.01336094915	0.0006398848668	R
2745	0.002714989395	0.03519394587	0.06205251308	0.001280829934	0.0001014701532	0.01358727119	0.03220838983	0.01969916949	0.01358727119	0.0001726404099	R
2750	0.001923541953	0.02038479199	0.07117340249	0.001416542945	9.72E-05	0.01364676271	0.02787528814	0.01934786441	0.01364676271	0.0002167168374	R
2755	0.001505116558	0.01288247522	0.07406822608	0.0009295384431	6.77E-05	0.01108613559	0.02361366102	0.01872859322	0.01108613559	0.0001010584318	R
2760	0.001408325702	0.01270012238	0.07820504417	0.0007512467471	4.42E-05	0.007502966102	0.02060942373	0.01896516949	0.007502966102	0.0005819159818	R
2765	0.001086113721	0.01238315912	0.07939887177	0.0006304011216	4.09E-05	0.004711254237	0.01894474576	0.01916077966	0.004711254237	0.0006534648806	R
2770	0.0008508170082	0.01464279431	0.07362255631	0.0006824571907	4.01E-05	0.004772288136	0.02224962712	0.02128750847	0.004772288136	0.0007436073644	R
2775	0.0007642807675	0.017585161	0.07049951659	0.0007353251628	5.75E-05	0.004771254237	0.02422684746	0.02613730508	0.004771254237	0.0007497672507	R
2780	0.0003856111537	0.01601440953	0.05684538909	0.0003302749332	5.70E-05	0.004196491525	0.02461477966	0.02625711864	0.004196491525	0.0008589492994	R
2785	0.0003931618044	0.01868533256	0.06004911397	0.0003748869331	4.83E-05	0.004513254237	0.02441849153	0.03009747458	0.004513254237	0.000418896399	R
2790	0.0001903967105	0.02087092276	0.06154639772	0.000232034649	3.64E-05	0.003840711864	0.02410623729	0.03098874576	0.003840711864	0.0001088739974	R
2795	0.0001462993613	0.02300749026	0.05513296304	0.0001372319742	4.37E-05	0.003824101695	0.02393	0.03129147458	0.003824101695	6.33E-05	R
2800	0.0001506303095	0.02591716094	0.05865477464	9.95E-05	4.24E-05	0.003013830508	0.02173374576	0.03144011864	0.003013830508	5.57E-05	R
2805	0.00017887717	0.02517200818	0.06332595191	0.0001095492843	3.54E-05	0.002692118644	0.0225539322	0.02731355932	0.002692118644	1.75E-05	R
2810	0.00044361812	0.02694908265	0.06222256045	0.0003254466296	3.58E-05	0.00359979661	0.0226339322	0.03075227119	0.00359979661	0.0001516126691	R
2815	0.00060679894	0.03010304739	0.06666579856	0.00075111411	3.24E-05	0.003717847458	0.02668683051	0.02902805085	0.003717847458	0.0004646734486	R
2820	0.00108615904	0.02878903297	0.06273511756	0.0009389103395	4.69E-05	0.003863898305	0.025592	0.02627908475	0.003863898305	0.0004958507745	R
2825	0.001062924388	0.02622897886	0.06081086636	0.0009266030652	4.78E-05	0.003446220339	0.02363976271	0.02404055932	0.003446220339	0.0006837239506	R
2830	0.0009230295149	0.02215437883	0.05689437722	0.0007876472915	5.56E-05	0.003529	0.02316264407	0.02270377966	0.003529	0.0009020217844	R
2835	0.0007985550066	0.02201572609	0.05587757775	0.0005038007539	7.45E-05	0.005002711864	0.02149118644	0.02394074576	0.005002711864	0.0009085322065	R
2840	0.0007820156993	0.02155184971	0.06223235039	0.0004004984505	6.44E-05	0.004175762712	0.020188	0.023274	0.004175762712	0.001039413467	R
2845	0.0007196816935	0.01490325023	0.0483883075	0.0003314064889	6.03E-05	0.003715271186	0.01492381356	0.02520932203	0.003715271186	0.0008755984459	R
2850	0.001100938935	0.04301859018	0.06981316402	0.0006006419004	7.92E-05	0.005178983051	0.01998825424	0.0289199661	0.005178983051	0.002388548398	R
2855	0.001607311954	0.05628880682	0.08327699475	0.001047088436	8.41E-05	0.006119525424	0.02073515254	0.03144984746	0.006119525424	0.002051685542	R
