window_start,entropy_nose,entropy_left_wrist,entropy_right_wrist,entropy_shoulders,postural_stability,velocity_nose,velocity_left_wrist,velocity_right_wrist,gaze_proxy,symmetry,state
0.0,0.0007002265811692091,0.04349818076117373,0.08723479701365397,0.0017660126965689266,0.00016628814082895175,0.010866050847457627,0.030807118644067804,0.02926783050847458,0.010866050847457627,0.00680360963206215,N
5.0,0.0010229979385782489,0.07021907852744125,0.1024440409758435,0.0014542774190211866,0.00015971993563077534,0.018087220338983055,0.031797491525423736,0.036345949152542384,0.018087220338983055,0.0033301841802418084,N
10.0,0.009176501336337572,0.08340144312987996,0.10400333502067997,0.012820196799846046,0.000706925285133601,0.03285698305084746,0.04112481355932204,0.05145361016949153,0.03285698305084746,0.0005369393242754244,N
15.0,0.027919130747754803,0.10596110942606782,0.10737906442568526,0.02599668770816892,0.0032188947741620603,0.03994118644067797,0.048407084745762705,0.06051052542372882,0.03994118644067797,0.0008737039770906792,N
20.0,0.028217203597509042,0.084206489708315,0.10157510014408783,0.027213243275919775,0.003178728025938026,0.041817932203389835,0.04341157627118644,0.06433557627118644,0.041817932203389835,0.005449955609075989,N
25.0,0.027560738719857057,0.08557213336070282,0.09976627254021894,0.02927299365692825,0.0031486970890068646,0.04303033898305084,0.04243303389830509,0.06209320338983051,0.04303033898305084,0.005297627339949159,N
30.0,0.027326888243843786,0.09438433318788868,0.09178472289859181,0.03031146324813504,0.003465634809181282,0.042556728813559326,0.049665559322033904,0.06848650847457627,0.042556728813559326,0.005065010388937858,N
35.0,0.026383749189027684,0.11560340850653526,0.08683007843020736,0.03146035761303587,0.0034040793674436198,0.040992474576271185,0.05272838983050848,0.07273889830508475,0.040992474576271185,0.0025633297981268333,N
40.0,0.020676746910426834,0.08998769851104126,0.06753378214965819,0.021867979904785312,0.0030958570172167537,0.026715067796610165,0.04614171186440678,0.06355113559322034,0.026715067796610165,0.004961336704176274,N
45.0,0.005016671768501414,0.06338494618485054,0.05585990164763279,0.002889470405355649,0.00045206933352749293,0.019442050847457627,0.04088586440677966,0.06056615254237289,0.019442050847457627,0.003297210989078806,N
50.0,0.004871833346269774,0.06089462078246895,0.054525433058151135,0.002963654819995197,0.0004309323218249407,0.016995033898305086,0.03617832203389829,0.05808905084745762,0.016995033898305086,0.003927102014559328,N
55.0,0.004951505135153675,0.058701355722740114,0.05340574919700282,0.0025020028661977404,0.0003646358102833624,0.014717033898305082,0.03536022033898304,0.05666566101694915,0.014717033898305082,0.003100338643494068,N
60.0,0.0038569069555522595,0.05032421254899859,0.05472771722829011,0.0017291276680197736,0.0002499897398904932,0.013741338983050846,0.027053152542372876,0.04209155932203391,0.013741338983050846,0.003437559214631358,N
65.0,0.0012032247713997179,0.0004679826460686446,0.04326540100821327,0.00023517317498700582,0.00012280162869051078,0.005309254237288133,0.012244983050847456,0.029719220338983054,0.005309254237288133,0.0020374469199788132,N
70.0,0.0006253744569214691,0.0005101025895511307,0.0413483137137952,0.0002767260381954804,5.91843389281513e-05,0.004017593220338982,0.012448627118644076,0.026925000000000004,0.004017593220338982,0.0008177843548745759,N
75.0,0.00036657702063700565,0.0006917864292598875,0.0384272969612291,7.989496329463279e-05,5.3405901994024245e-05,0.0031332033898305092,0.012245542372881365,0.022192796610169492,0.0031332033898305092,0.0005351492972313555,N
80.0,0.000541768607841808,0.0007529903477759895,0.03659559459088898,8.290797507429386e-05,5.830101041468851e-05,0.0035232203389830566,0.01438627118644069,0.02037250847457627,0.0035232203389830566,0.00038188905418220256,N
85.0,0.0006152358069759886,0.0007446061895717518,0.03663664630663475,0.00011130790894209043,6.759341984187545e-05,0.004760847457627125,0.015456762711864422,0.020246949152542378,0.004760847457627125,0.0002227229373435027,N
90.0,0.0005372026774096044,0.0007550758861093224,0.03666523075436242,9.305663053418083e-05,6.387694614440235e-05,0.004833033898305091,0.014881711864406793,0.019771457627118637,0.004833033898305091,0.00027423820147118576,N
95.0,0.0007152308894689262,0.0007991107430788138,0.0434693178709096,0.0001738033417330508,0.00015602983618240564,0.005900457627118648,0.013774847457627134,0.02464633898305085,0.005900457627118648,0.0010005431545717508,N
100.0,0.001362361979490113,0.0008050938623943504,0.044374406655874284,0.00020833921292090382,0.00017995932542552598,0.006593169491525429,0.0131809152542373,0.026129254237288135,0.006593169491525429,0.0009998698908528245,N
105.0,0.001929754762230226,0.0007738033402751414,0.03984657141807851,0.00022277265575480217,0.00018181993918593784,0.006710016949152544,0.01064400000000001,0.024742898305084745,0.006710016949152544,0.00099662875819887,N
110.0,0.00170471804395904,0.0009288118758412432,0.04037533027444011,0.00033063266990451964,0.00015886081461939378,0.008531813559322034,0.008258915254237296,0.02725938983050848,0.008531813559322034,0.0012107766007344635,N
115.0,0.0013747435401214694,0.0010441444606257072,0.035627062516879936,0.0002662665899646892,0.00011677814838951163,0.007756830508474573,0.007781711864406783,0.02608696610169492,0.007756830508474573,0.0013056695830635603,N
120.0,0.0015282679670734465,0.030173693923034463,0.043034467192574866,0.002023917400723164,0.0001691071987716108,0.01233645762711864,0.034762067796610174,0.0321401186440678,0.01233645762711864,0.010040590016812146,N
125.0,0.003991912148822599,0.059482379713546606,0.037046865611620065,0.0026236134028129942,0.00014771872776173415,0.013986355932203392,0.03759727118644068,0.029254355932203394,0.013986355932203392,0.011980695253342373,N
130.0,0.00502059104048079,0.06174621318843361,0.03827934513725988,0.0030333783801977402,0.00012978320052123993,0.015023338983050841,0.03965711864406778,0.02831016949152543,0.015023338983050841,0.012167247562773726,N
135.0,0.0053765526007590395,0.06371433577163135,0.0436577107195918,0.0032634227063782478,0.0001295403437066454,0.015356881355932198,0.04064257627118644,0.029979237288135594,0.015356881355932198,0.01259252977650621,N
140.0,0.004663882283537854,0.06616134067445369,0.04526042665927087,0.003319223772417514,0.00014147772675687532,0.01443074576271186,0.04141133898305085,0.02653322033898305,0.01443074576271186,0.013149665043980506,N
145.0,0.0027887194796528255,0.08740310755663928,0.05502168307875904,0.0031751028724180796,0.00017303314102600547,0.015570949152542372,0.050455203389830505,0.0318311186440678,0.015570949152542372,0.014265520287882203,N
150.0,0.0007408022057838985,0.06750574721704942,0.04729770935304603,0.0004789619816765538,8.091215393069215e-05,0.012372305084745759,0.028193254237288138,0.03218711864406779,0.012372305084745759,0.0020280383546771195,N
155.0,0.000664774868401978,0.11243471650646188,0.046910460560398576,0.0004286721410112995,7.750745771366703e-05,0.010901033898305079,0.026304728813559327,0.03304050847457627,0.010901033898305079,0.002121887577611301,N
160.0,0.0008541958571149722,0.14444432667382237,0.06122217761980197,0.0005511064228550848,0.00011988794800788584,0.013585169491525426,0.028492694915254243,0.042101355932203384,0.013585169491525426,0.003502558627233053,N
165.0,0.001230654918909605,0.12685943599549576,0.0582099472976472,0.0005457779537870059,0.00012464751873949635,0.012637898305084752,0.030725288135593234,0.048570118644067795,0.012637898305084752,0.0027948707722262687,N
170.0,0.002154763478586158,0.11003869395486668,0.08518508607395422,0.001497377525792091,0.0002553747208508354,0.016459576271186445,0.046355915254237295,0.06660261016949152,0.016459576271186445,0.0017561439521200546,N
175.0,0.0027114373266011304,0.09317866147062231,0.08676404985061809,0.0013772514343692091,0.000244661422901139,0.01813645762711865,0.04981525423728815,0.07352586440677968,0.01813645762711865,0.0014426604514915266,N
180.0,0.00267663974874096,0.12117730345652852,0.08262424344078502,0.0013732922222372877,0.00028237312342964144,0.01620620338983051,0.047340118644067807,0.06534215254237287,0.01620620338983051,0.0015464114502629963,N
185.0,0.0025736611579522586,0.12988667575352483,0.07896906847896468,0.001355323191857345,0.00029684851577273637,0.01582340677966102,0.046061118644067804,0.06697935593220339,0.01582340677966102,0.0034492940846483078,N
190.0,0.0025806280027706207,0.1172511465594028,0.0719314943094164,0.0013944579748785316,0.0002870593653939319,0.013363203389830507,0.04488057627118645,0.06363457627118645,0.013363203389830507,0.003999922815484738,N
195.0,0.002457610190492089,0.11637137558556238,0.07711195150413187,0.0014909990452079101,0.00029383595786091916,0.014464237288135583,0.04432974576271188,0.0606205593220339,0.014464237288135583,0.004472007682216105,N
200.0,0.0011991353940830505,0.06029170810657143,0.05629223959319861,0.0004070916992064975,0.00012907865899427722,0.012165152542372874,0.033725661016949154,0.04352650847457627,0.012165152542372874,0.0014866530232754242,N
205.0,0.001294273587490113,0.06871051983758193,0.04465201245818531,0.0008508152175296616,0.00015139746117287265,0.013011067796610163,0.03074496610169492,0.029274542372881355,0.013011067796610163,0.012693980584358193,N
210.0,0.0014472603612039553,0.07048982115500056,0.046796487903986175,0.0009721594835816389,0.00015915908170367326,0.015309084745762707,0.03403008474576272,0.030678220338983053,0.015309084745762707,0.012837066428675426,N
215.0,0.0016628617071790962,0.12247368772521668,0.04652052109983277,0.0010023479672663842,0.0001528427151971405,0.01644964406779661,0.037440050847457634,0.0284304406779661,0.01644964406779661,0.01488812107383813,N
220.0,0.001547828966881356,0.1214478585803819,0.0392106986026825,0.0009271581403104526,0.0001450343784976119,0.01762703389830508,0.038814050847457635,0.02230962711864407,0.01762703389830508,0.015289328529665537,N
225.0,0.0014896264119858762,0.1181563727351082,0.028958323309628817,0.0006885856617531074,0.00020673144038562915,0.020450915254237288,0.038153762711864415,0.017428271186440678,0.020450915254237288,0.014687762545832773,N
230.0,0.0015835308370810738,0.11495776816787007,0.030199353680831074,0.0005638953976019776,0.00020380180818910349,0.01750866101694915,0.030869135593220347,0.017934423728813563,0.01750866101694915,0.012769221053517793,N
235.0,0.0016244151922663842,0.08345465203658169,0.02981317449356129,0.00037126984899378513,0.00016648741819425103,0.014121559322033897,0.02112420338983051,0.01793808474576271,0.014121559322033897,0.0030956476063161028,N
240.0,0.0013963163128576273,0.07773230923256837,0.030147791166942085,0.0002824903725706214,0.00014585689461289652,0.01350242372881356,0.01873774576271187,0.016070661016949154,0.01350242372881356,0.003055168503600281,N
245.0,0.0010019187462878534,0.003939318053860736,0.02791904218300876,0.00023302922671751411,0.0001389995891564698,0.01066447457627118,0.011659915254237298,0.016128593220338983,0.01066447457627118,1.228932609039548e-05,N
250.0,0.0006647274205751411,0.0024082355789420916,0.028239262020218925,0.0001566328718615817,0.00011866259181177157,0.008554372881355929,0.011632372881355942,0.01885815254237288,0.008554372881355929,7.3480956228813695e-06,N
255.0,0.0003098487990980226,0.00279258989458616,0.026871940485285316,0.00024227646277146883,7.809903799379393e-05,0.006647762711864408,0.012637983050847467,0.018821915254237293,0.006647762711864408,0.0001554628226680793,N
260.0,0.00028334134204378533,0.002807068775488702,0.024101978179168076,0.00029188040177937854,8.265627345183782e-05,0.006219423728813557,0.01200894915254238,0.01714422033898305,0.006219423728813557,0.0001144142094731641,N
265.0,0.0008716985980785313,0.05358505273580197,0.027378113207329944,0.0003539245174237289,0.00011683949036593058,0.007840661016949154,0.024815118644067807,0.017761271186440677,0.007840661016949154,0.010642102545648303,N
270.0,0.001303818196140113,0.05630533824754519,0.031622124146990664,0.00046353223087344634,0.00015498892874137328,0.009287542372881355,0.02741588135593221,0.01927471186440678,0.009287542372881355,0.010672004431582765,N
275.0,0.0014211640595918078,0.058226557480435606,0.037961539536835856,0.0008344894854223163,0.00016887060349240864,0.009752169491525423,0.027852338983050857,0.018149440677966096,0.009752169491525423,0.012840491713760453,N
280.0,0.0012536398820271188,0.058922061295232475,0.03973579174943389,0.0009914135654096046,0.00017613939555320205,0.009810440677966097,0.02762261016949153,0.01685086440677966,0.009810440677966097,0.014473294507847175,N
285.0,0.0015304837197282488,0.059431111517673454,0.03871228060669803,0.0016055720597059322,0.00031229991320534716,0.010466355932203382,0.025698254237288137,0.016762406779661013,0.010466355932203382,0.015059942932883617,N
290.0,0.0012257780190412433,0.060186684829289266,0.04196423578204009,0.0015923101646607347,0.000324412204224076,0.012707813559322026,0.027347661016949156,0.019421677966101693,0.012707813559322026,0.015071409825738142,R
295.0,0.001204869237238418,0.019014837693456216,0.044636504070033334,0.0014359857889658192,0.00029871426511169274,0.011707762711864399,0.02101388135593221,0.03460415254237288,0.011707762711864399,0.003374788606155933,R
300.0,0.0012652607273714697,0.022079795529350285,0.05156770479387966,0.0015887547709375705,0.0002584414632240809,0.010337016949152539,0.024884847457627122,0.040713406779661024,0.010337016949152539,0.0038955351983980236,R
305.0,0.0011637556358912431,0.02213686233046412,0.05133417869091271,0.0013338167052426553,0.00027247582077830984,0.010391508474576264,0.026696033898305088,0.04278120338983051,0.010391508474576264,0.0027169842537932212,R
310.0,0.0011243637869454805,0.02268914402054095,0.054081651769890965,0.001279987166155367,0.00029368922247753837,0.012360203389830505,0.02615754237288136,0.048848254237288134,0.012360203389830505,0.0009730315951050859,R
315.0,0.0009681219507135593,0.023480838424557907,0.06285014195819603,0.0007289996545081921,0.00014987056844088125,0.009987915254237286,0.027118898305084748,0.04807783050847457,0.009987915254237286,6.966766955932187e-05,R
320.0,0.0009396240794146886,0.02350013134164293,0.061271916002760454,0.0007318699879624295,0.00015570153377369723,0.008248491525423727,0.02656383050847458,0.04917883050847458,0.008248491525423727,0.00011831268816271147,R
325.0,0.0010377743098553668,0.009696504167862992,0.05653451956233195,0.0007641986123384183,0.00016127644036773267,0.007202084745762716,0.020579118644067796,0.03527533898305085,0.007202084745762716,0.0006186548839909602,R
330.0,0.0011787197454011294,0.0035008790748742935,0.05193966608719858,0.0006651425545127119,0.00015472191876373878,0.0075091186440677995,0.01373915254237288,0.028896610169491528,0.0075091186440677995,0.0009595438174406785,R
335.0,0.0015898994356355928,0.004986694018516103,0.04986188234518505,0.0009867531887429379,0.00019877588122199096,0.009962711864406785,0.013371644067796612,0.03247515254237288,0.009962711864406785,0.0010201735987946329,R
340.0,0.0017808634171836157,0.011831541799997175,0.049259558594528796,0.0009866142493870056,0.0001915869910327015,0.010161406779661023,0.01892398305084746,0.02937413559322034,0.010161406779661023,0.0005560246631629946,R
345.0,0.002428175641091243,0.015796364630973447,0.049056015935881915,0.0015808056299646896,0.00017328948666773134,0.013145423728813563,0.022690000000000005,0.03042959322033898,0.013145423728813563,0.0008027716975254227,R
350.0,0.0027444465519002826,0.015726241136345482,0.04690946293709463,0.0017561582989514123,0.00016474584178435267,0.01446816949152543,0.02240566101694916,0.030561033898305088,0.01446816949152543,0.0007513055113593221,R
355.0,0.0027339262656242936,0.023072030870656218,0.04124877342942091,0.0019415373083759891,0.00017065338289281218,0.016197389830508474,0.02834027118644068,0.035908271186440674,0.016197389830508474,0.0003834252956474581,R
360.0,0.003180233391535312,0.028616821605372603,0.032604134855519766,0.0023357313851197744,0.0001903346277946413,0.01637242372881355,0.03648750847457628,0.034133474576271194,0.01637242372881355,0.00024772074240678047,R
365.0,0.0027575356867039547,0.034082459886669775,0.03479319395526978,0.0027295695864189263,0.0001411134133552962,0.01442549152542372,0.03691342372881357,0.03227496610169492,0.01442549152542372,0.000865011606077964,R
370.0,0.003087590976908192,0.04094305413625961,0.031164795250004523,0.003488195698394067,0.0001914522786379451,0.01596191525423728,0.04216725423728813,0.031009830508474577,0.01596191525423728,0.0011191894905194927,R
375.0,0.0030664420187677963,0.04262759400997487,0.029881442213402824,0.0039057676540663836,0.00022624338763866113,0.015376627118644057,0.04337547457627121,0.03064230508474576,0.015376627118644057,0.001071149925789831,R
380.0,0.0018580141601717514,0.0479115203437582,0.023564230194258476,0.0030260932142909596,0.00021204935100865312,0.013347525423728803,0.04624401694915255,0.02796403389830509,0.013347525423728803,0.002186605828053391,R
385.0,0.0007689443749056494,0.04669959049600567,0.008775684894810737,0.0007965966231090395,0.00011865390156869193,0.012060661016949144,0.04213667796610171,0.018306932203389827,0.012060661016949144,0.0024034813043991533,R
390.0,0.0006290828900776834,0.04686477215909097,0.007498778842403109,0.0002856851515172317,9.265987180034561e-05,0.010567525423728812,0.037038186440677974,0.01902984745762712,0.010567525423728812,0.001984198220213277,R
395.0,0.0004645284961884177,0.04636885487378194,0.0013260204151836165,0.0001621297316641243,6.459756108691676e-05,0.009281728813559325,0.03965766101694915,0.017789,0.009281728813559325,0.0019053170654025429,R
400.0,0.0008376569416765533,0.03964342388972203,0.0419103736125435,0.0009237081357412425,0.00017870852376599683,0.008647644067796608,0.037132525423728815,0.024377033898305082,0.008647644067796608,0.0007348310989367234,R
405.0,0.0014794517836807905,0.03320246575472175,0.05329892264439181,0.0018209852909048018,0.000222334293642837,0.009021762711864405,0.032825949152542375,0.02587508474576271,0.009021762711864405,0.000564914961703954,R
410.0,0.0016276564148785307,0.02664696282130113,0.05599538292389832,0.002221896914067514,0.00023045330853540698,0.009830762711864402,0.032845355932203384,0.027196644067796608,0.009830762711864402,0.0012983979017528247,R
415.0,0.0018690976772802264,0.02434235985726497,0.055166526096626846,0.002308381371006497,0.00021967578946219902,0.012330338983050844,0.03184294915254238,0.029414423728813553,0.012330338983050844,0.0014758318384127118,R
420.0,0.001728014855399718,0.019699272751568356,0.06203662411353533,0.0018771714427632763,0.0001632681894191839,0.013235677966101688,0.03042172881355932,0.038197033898305074,0.013235677966101688,0.0029208147708305087,R
425.0,0.0015140133515477408,0.011181725481981637,0.05530931697398617,0.0011326349210562146,0.000140396257162416,0.014024593220338976,0.022827491525423727,0.03602566101694915,0.014024593220338976,0.0031229306120816387,R
430.0,0.0008977180055090397,0.004213992371920336,0.03034942349167231,0.0004920385760401127,7.168137044084385e-05,0.010524728813559321,0.01450772881355932,0.027426542372881352,0.010524728813559321,0.0023617475912556495,R
435.0,0.0007251857775762713,0.003668798627425705,0.024338530185215815,0.00037196452135593197,5.7412380067137225e-05,0.009147593220338986,0.014292881355932208,0.026067711864406783,0.009147593220338986,0.0022561676255220325,R
440.0,0.0006282365146324859,0.0018992135820677964,0.01973092634134181,0.00033730460940197714,4.0697883833861973e-05,0.007887067796610173,0.012832830508474578,0.026867949152542373,0.007887067796610173,0.0023221376954505636,R
445.0,0.0005842441051217512,0.0013661560041353118,0.02195110068496582,0.0002764330053217513,3.154072825708269e-05,0.0057867118644067865,0.010165101694915255,0.026733372881355928,0.0057867118644067865,0.002350567091340114,R
450.0,0.0006094581789350283,0.0011405923172064976,0.017937806339398878,0.00016460012649435009,2.786381483390384e-05,0.005597762711864416,0.010816796610169497,0.021091711864406778,0.005597762711864416,0.0007176099545709041,R
455.0,0.00037284706767090397,0.0010540889466293792,0.019743752433195205,0.00013312918294632763,2.2446859866858842e-05,0.00444349152542374,0.010313932203389832,0.023264457627118644,0.00444349152542374,0.0007490583762983054,R
460.0,0.0003801224726384181,0.001396295910469775,0.017567746482117234,0.00021626855138079083,3.233606999644217e-05,0.004645288135593229,0.010961593220338985,0.02496306779661017,0.004645288135593229,0.0007125648236135595,R
465.0,0.00038138290705621474,0.0018667402991680805,0.01755494234466074,0.0003207274827161016,2.8355157359535598e-05,0.00450893220338984,0.010879745762711869,0.02461396610169491,0.00450893220338984,0.0005249704778926555,R
470.0,0.0003855793912245763,0.001734010408032487,0.021421099809658194,0.00034943663640875697,2.5328378057501803e-05,0.004179135593220351,0.010234559322033912,0.026457118644067797,0.004179135593220351,0.0007295462716483052,R
475.0,0.0004014351495887007,0.0014628446182435044,0.0488818991423791,0.00024082252774124282,2.753185821723408e-05,0.00588857627118645,0.011581542372881375,0.03253583050847457,0.00588857627118645,0.008810796865491528,R
480.0,0.0003688061524943503,0.0010752549516740118,0.049467353889963275,0.00013789852724717516,3.566956655634593e-05,0.005904949152542381,0.010836644067796625,0.033897372881355935,0.005904949152542381,0.009009524920447457,R
485.0,0.00040446716068785326,0.001164021682758758,0.048641111303784734,0.00017559654687401128,3.7930177285542025e-05,0.0063213389830508535,0.010633728813559338,0.03061854237288136,0.0063213389830508535,0.00895500383083164,R
490.0,0.00039148935251638443,0.0013177698318209044,0.04884042730193671,0.0002064802385183616,4.7785704420739876e-05,0.005468067796610174,0.009998559322033914,0.03066666101694915,0.005468067796610174,0.009054827598831921,R
495.0,0.0007271942512064971,0.0013790054691384178,0.050207415576851405,0.0003720265238497174,7.195291111570059e-05,0.007767050847457633,0.009485406779661027,0.03128057627118644,0.007767050847457633,0.009067375733145762,R
500.0,0.00105931813669096,0.0014281174267740113,0.054198835673536144,0.00036687001606751384,8.748979189027402e-05,0.007773864406779665,0.009713203389830508,0.028870559322033897,0.007773864406779665,0.00910584939416808,R
505.0,0.0010087764183070618,0.001426261324891243,0.02892060359926299,0.00045499513269604483,0.00010391633534372566,0.0066723220338983065,0.009227389830508472,0.022796491525423724,0.0066723220338983065,0.0007218809705118647,R
510.0,0.0013655879867217513,0.1431999150531294,0.03878514613630141,0.0008321990767341805,0.00016871913066330785,0.00999337288135593,0.015410949152542366,0.01885977966101695,0.00999337288135593,0.008403927527505087,R
515.0,0.001704285028258474,0.23725453378944802,0.037744875492200555,0.0008783477044392653,0.0002088747101363382,0.010809271186440678,0.015245288135593213,0.018573677966101695,0.010809271186440678,0.013022628836275705,R
520.0,0.002480345047988136,0.2680711784699421,0.0400077598840506,0.0008079574418435027,0.000227505800773828,0.011040796610169492,0.014673661016949145,0.01758871186440678,0.011040796610169492,0.015115844126915254,R
525.0,0.0023283136728098875,0.23933089796478865,0.038127275253662996,0.000784497235621469,0.0002166972858271183,0.008419322033898299,0.013578050847457617,0.016519932203389834,0.008419322033898299,0.013524889032436439,R
530.0,0.0025785933457443495,0.1658660727728378,0.032639736378132785,0.0007224183610141241,0.00029084409480984434,0.011272406779661006,0.02093586440677965,0.013768016949152544,0.011272406779661006,0.00954070826850621,R
535.0,0.003196107010567232,0.13158211028904604,0.030744596447467513,0.0005643741246042374,0.000548481790079341,0.017589101694915246,0.030684457627118647,0.018928186440677973,0.017589101694915246,0.01858729858260423,R
540.0,0.002579469097853107,0.18120922907445056,0.010673191556484461,0.0006848244758802262,0.00040283371476544666,0.014042186440677965,0.02430803389830509,0.019540898305084747,0.014042186440677965,0.02903904600599774,R
545.0,0.002354686687853955,0.20203136081997175,0.008965807713251414,0.0008239188537725987,0.00021876608660867765,0.013304627118644061,0.025365474576271193,0.019809220338983056,0.013304627118644061,0.03301795013387034,R
550.0,0.0022957582481827683,0.1770202601854859,0.008244974264428816,0.0008654063170751414,0.00020151528962045946,0.013578966101694909,0.02995428813559323,0.018576508474576273,0.013578966101694909,0.028115428470920065,R
555.0,0.002550632063744068,0.16613257364898193,0.02884907985616808,0.0008692065094096043,0.000208091972303399,0.018429457627118635,0.03641603389830509,0.021311728813559323,0.018429457627118635,0.024592655854994337,R
560.0,0.002199301886753672,0.09611815801313868,0.036771785930679944,0.0007953230453014125,0.00019580085475520242,0.015805745762711862,0.03299430508474577,0.031076,0.015805745762711862,0.012814750737426273,R
565.0,0.0017075276744943503,0.09672348655092318,0.049727180214316366,0.0008865124884491527,0.00012254171033200054,0.009900542372881347,0.03257181355932204,0.029674271186440677,0.009900542372881347,0.012239601502491523,R
570.0,0.0020799014939624294,0.10006483976221638,0.04777958071647881,0.000907832134055367,0.00011595798939993678,0.011947389830508467,0.03375194915254237,0.03327774576271186,0.011947389830508467,0.009645524834081081,R
575.0,0.0026042453092302255,0.10296236310004034,0.043636848930713824,0.0006827271736098868,0.00013446990570086328,0.013931915254237285,0.03343103389830509,0.03519335593220338,0.013931915254237285,0.005871342618589831,R
580.0,0.0029989245117604518,0.10404989392360876,0.03765114215116554,0.0004223870700700561,0.00014065385014695045,0.01479796610169491,0.03041706779661017,0.04186606779661017,0.01479796610169491,0.001648074508183051,R
585.0,0.0030299191184098868,0.008543557682908196,0.03616918529214435,0.00034447654253192057,0.00011227752858650825,0.009941322033898302,0.019688661016949157,0.038535983050847454,0.009941322033898302,0.002947046510474576,R
590.0,0.0032036619652494346,0.004418176276625704,0.033120758765129384,0.00032626118249434987,0.00013490740658800976,0.010668389830508475,0.01321049152542373,0.032893118644067805,0.010668389830508475,0.0015043088164745767,R
595.0,0.0028371191047344628,0.0016034843396901133,0.03610231242917514,0.0003060881603680788,0.0001404014113437715,0.012058711864406782,0.011276033898305088,0.03994306779661017,0.012058711864406782,0.002690703391603673,R
600.0,0.002432708364710453,0.0015145310540257062,0.038983928555800865,0.0005007324384799434,0.00023833129929772546,0.013489813559322035,0.010862135593220341,0.04406942372881357,0.013489813559322035,0.002861771378146892,R
605.0,0.001513233156464124,0.0013193119412062142,0.04092498789895452,0.0005613358444844634,0.00021826884171915556,0.012311305084745764,0.009607288135593216,0.041111830508474584,0.012311305084745764,0.002723751282738136,R
610.0,0.0015706557416302258,0.001368772701433616,0.04470003294316581,0.0005412603863429379,0.00019430325549801646,0.011842067796610171,0.008628762711864406,0.03752674576271186,0.011842067796610171,0.002245761956580791,R
615.0,0.0014737019827951974,0.00137346492001243,0.04504444220775595,0.0004197905233079097,0.0001945308048649615,0.01227166101694915,0.008683033898305086,0.04014906779661017,0.01227166101694915,0.0021000425714180794,R
620.0,0.0011739579286118643,0.0012300764665875707,0.04502394658969688,0.0003019684212062147,0.00015358114876433,0.010218440677966099,0.007063966101694917,0.03667277966101695,0.010218440677966099,0.0019486555851906777,R
625.0,0.0010651721014909602,0.00117371531511582,0.042605954779738706,0.0002886600101548023,0.00015995449027688134,0.010759966101694914,0.006597271186440678,0.030482,0.010759966101694914,0.001320591312577683,R
630.0,0.0007438452012192088,0.0004645862491963285,0.03848483736583701,0.00021791794288672316,6.096744743639765e-05,0.008766813559322035,0.006604305084745764,0.023603525423728813,0.008766813559322035,0.001098602034153955,R
635.0,0.0005152074472471748,0.0004124668623248592,0.03921540201994518,0.0002428013787025424,6.786580173304845e-05,0.008184152542372883,0.007055610169491531,0.023362898305084742,0.008184152542372883,0.001000211021118644,R
640.0,0.0004366039839045195,0.00044559045410367295,0.03807370984228334,0.00022425235304576274,8.092569258021024e-05,0.008257627118644067,0.007489406779661025,0.021805830508474573,0.008257627118644067,0.0009040859359923732,R
645.0,0.0005808565438689263,0.0009585753019036723,0.03722825279378501,0.00035641376022033897,0.00011578514611716973,0.009176711864406781,0.009578237288135602,0.0193968813559322,0.009176711864406781,0.00024271197588135592,R
650.0,0.0013376982440508466,0.004421202473947741,0.03567102787832204,0.0009687703329036724,0.000115100542715662,0.011780050847457627,0.016338050847457642,0.020860711864406772,0.011780050847457627,0.0022124555330268374,R
655.0,0.0019984036988663838,0.021340848192966663,0.03312050215755649,0.001110467649392938,0.00013583469150801913,0.01149084745762712,0.025454067796610188,0.03320893220338983,0.01149084745762712,0.0021536065399638416,R
660.0,0.0020780348662257065,0.022655903197907345,0.029095195567015536,0.0011870320745762716,0.00012487924140294122,0.009043796610169496,0.025682389830508492,0.031909796610169495,0.009043796610169496,0.0022773000172881365,R
665.0,0.001772984580018927,0.02410017323444265,0.02997424183846554,0.0011725983571090398,0.00013010982866477224,0.008597915254237292,0.029946457627118665,0.04068852542372881,0.008597915254237292,0.0012313975262576264,R
670.0,0.002015799156037853,0.05495820568164462,0.02941339882518051,0.0012625127287454803,0.00015555012288911388,0.014685915254237295,0.035569305084745775,0.04382125423728814,0.014685915254237295,0.0026050494004338965,R
675.0,0.002733745441632485,0.18631412021705535,0.030915578769157064,0.001167373496112995,0.00020720711049996332,0.0142816779661017,0.032516457627118654,0.044366847457627125,0.0142816779661017,0.00747628169844746,R
680.0,0.002579989320515254,0.2691185025868562,0.030803375982248592,0.0005654022250836164,0.00027744010377654264,0.014637898305084749,0.025493525423728822,0.04486237288135593,0.014637898305084749,0.007158180966200845,R
685.0,0.004845297646879944,0.28502055243971386,0.033672985481276556,0.0019843407723511303,0.0003737077787542976,0.016540881355932208,0.024968627118644074,0.038774237288135595,0.016540881355932208,0.018998458498372034,R
690.0,0.01442468770389604,0.2629914709399887,0.03631166198523842,0.0067027074508426545,0.0004440940172266996,0.017040576271186436,0.03454981355932204,0.03926581355932204,0.017040576271186436,0.041537301523101686,R
695.0,0.019405961922418925,0.2421188278727175,0.03335525693107654,0.008290308334940112,0.000530503823651411,0.01752057627118644,0.054194542372881356,0.028111627118644067,0.01752057627118644,0.043910539179905096,R
700.0,0.020446456180623452,0.23979827390256836,0.03708804873637937,0.007893580027578244,0.0005460207873959746,0.011940644067796609,0.053480491525423716,0.02845079661016949,0.011940644067796609,0.030598275127558475,R
705.0,0.015188367535837001,0.21508617523530615,0.029815197526553663,0.007061807267471186,0.0002016350037672909,0.017232338983050845,0.08316954237288135,0.03150825423728813,0.017232338983050845,0.03131626203938644,R
710.0,0.008005086596051975,0.14594540424107058,0.017553588407310448,0.005234486138519208,0.00016590172763960643,0.018402067796610175,0.08983213559322033,0.02689545762711864,0.018402067796610175,0.0429983372507322,R
715.0,0.010829013935527118,0.08750655091617514,0.01563593521518164,0.005885302658044916,0.00026394005096014566,0.018949949152542372,0.0928239322033898,0.021873406779661018,0.018949949152542372,0.05389330170013134,R
720.0,0.016967988319128532,0.13056626184124043,0.04042962178641667,0.006624083106223164,0.00040411045890767006,0.020895101694915253,0.08913686440677966,0.02510527118644067,0.020895101694915253,0.03219014431886554,R
725.0,0.018870844596011294,0.12660863243091244,0.05573845330513191,0.007061812848241242,0.0004116878883237569,0.02263045762711864,0.0749029661016949,0.03432920338983051,0.02263045762711864,0.027363223017961312,R
730.0,0.013663986607633896,0.12359533040208445,0.06342351445762429,0.005852371717687854,0.0003594347567351118,0.020280847457627118,0.07006267796610169,0.03010608474576271,0.020280847457627118,0.026166545526839825,R
735.0,0.007044053654093784,0.09611493573511727,0.07067763557310591,0.0025970979113593214,0.0001892048472037972,0.015777559322033893,0.044789694915254225,0.0331863220338983,0.015777559322033893,0.0025623908679005703,R
740.0,0.0019003298378855935,0.10488996059071838,0.0766416273638164,0.0018584407904697732,0.0001584177311977442,0.013295932203389824,0.045465932203389826,0.04579049152542374,0.013295932203389824,0.004607163350720901,R
745.0,0.0013693351824731633,0.10319981825988644,0.07796556251358755,0.0007908422397672312,0.00013628322099902085,0.013439169491525418,0.045529644067796596,0.0616836779661017,0.013439169491525418,0.008660521866374287,R
750.0,0.000963673709049435,0.0596240036129853,0.047073908245412154,0.0005055832412742937,0.0001362549464699123,0.012677406779661013,0.037138406779661015,0.06807245762711865,0.012677406779661013,0.01244433860825311,R
755.0,0.0006270002259977397,0.05374549615539632,0.042417998889510734,0.00018376094555225985,0.0001559399012780603,0.010619491525423724,0.03981725423728813,0.08232725423728815,0.010619491525423724,0.013684825921463271,R
760.0,0.0006166217271570617,0.045570958957407606,0.039379941943696053,0.00020971268301638417,0.0001746669445554802,0.011046949152542366,0.046289542372881354,0.09242886440677968,0.011046949152542366,0.012598178225158189,R
765.0,0.0006085697225282483,0.05288059717734887,0.03417641505220283,0.00026656746655113003,0.0001826324358607936,0.011039711864406778,0.054725,0.09085596610169493,0.011039711864406778,0.011040327979360172,R
770.0,0.0006283716112144069,0.05982522443760309,0.03377661378353757,0.00033679670861581933,0.00016561889666711857,0.010564508474576274,0.04597971186440677,0.08526115254237288,0.010564508474576274,0.009961729843953387,R
775.0,0.0009962631478322033,0.07134445317397259,0.0409393761374904,0.0009188002226629943,0.0001351687496090363,0.009924491525423728,0.04346071186440678,0.06707145762711864,0.009924491525423728,0.005153698313394635,R
780.0,0.0014418713636935032,0.07218764743400449,0.046774383447762705,0.0015585005123090394,0.00013419180875889542,0.010785525423728817,0.043064898305084746,0.053834999999999994,0.010785525423728817,0.0018235656994926592,R
785.0,0.0013978995807853113,0.06851478114643955,0.050465404106085326,0.0015197885809378532,8.705910948056769e-05,0.011174694915254243,0.03452972881355932,0.037521677966101695,0.011174694915254243,0.004034596995283899,R
790.0,0.0014355135188858755,0.06895149586043361,0.04930091307342146,0.001414853659977401,5.955623893741163e-05,0.012639389830508472,0.030305322033898296,0.029899186440677964,0.012639389830508472,0.00644380810234689,R
795.0,0.0016103883702132764,0.019060236619751137,0.04171152662603246,0.0013638531943853105,7.196926440414426e-05,0.014719610169491517,0.020117813559322028,0.024370898305084748,0.014719610169491517,0.00036244533355338964,R
800.0,0.001268626543115819,0.012765707743994346,0.03650318337243615,0.0012668335156596046,7.60983824409492e-05,0.014325254237288124,0.01815459322033898,0.026497474576271187,0.014325254237288124,2.942734067457606e-05,R
805.0,0.0009452408879895479,0.0041546658942344635,0.0384366198929887,0.0010817578826731635,7.45996716566692e-05,0.01293549152542372,0.01313089830508474,0.025063440677966103,0.01293549152542372,0.0006264931946206212,R
810.0,0.0007989039924446322,0.0024333682838022616,0.03799994107057795,0.0007338146199276838,7.236196821062724e-05,0.01146305084745762,0.011108677966101686,0.02471018644067796,0.01146305084745762,0.0005118012395307903,R
815.0,0.001183423593388418,0.0030359825356401147,0.04594571501808474,0.0008397987587903953,0.00010021135107326404,0.012420932203389821,0.012137576271186433,0.026519508474576268,0.012420932203389821,0.0009163406588951975,R
820.0,0.0011816927857327682,0.0029984368016920918,0.050237039074894345,0.0007404879388875704,0.00010438643182577365,0.012518525423728812,0.012255999999999996,0.026772728813559316,0.012518525423728812,0.0010496712520090396,R
825.0,0.00110312606874435,0.0022843202957002827,0.049439875553551116,0.0007005462413115819,9.663818638084333e-05,0.008969745762711864,0.009843762711864405,0.022986966101694917,0.008969745762711864,0.0007509699631457622,R
830.0,0.0012276170780596046,0.0022552500698064977,0.04685526368896892,0.0007802962269079095,8.427360362249296e-05,0.009054271186440678,0.009915372881355935,0.021734966101694918,0.009054271186440678,0.0003174781527480223,R
835.0,0.0011680204955112992,0.002405929398269774,0.043967027383806506,0.0008197260791454803,7.254676565416815e-05,0.00881562711864407,0.009509983050847461,0.02169735593220339,0.00881562711864407,3.997258468474581e-05,R
840.0,0.0013669797379096042,0.0025388082972672317,0.04242653433715649,0.0009304246844889831,0.0001028907631464304,0.010794457627118646,0.010535000000000004,0.02015098305084746,0.010794457627118646,2.3549869749153003e-05,R
845.0,0.0007537848243048019,0.0017402092619149719,0.03605893519095028,0.0005829754221319209,8.502290045905145e-05,0.009303966101694915,0.010390610169491528,0.020702186440677964,0.009303966101694915,0.00023259032054774,R
850.0,0.0006801435105918078,0.0013374699631655365,0.033428756079248605,0.00040307889666638423,8.347909163264141e-05,0.007498762711864405,0.009763118644067802,0.019400050847457627,0.007498762711864405,1.903888075169486e-05,R
855.0,0.0009791193381985868,0.0017697723095217513,0.03525579570145762,0.0005783038375590398,9.19163790733718e-05,0.008877745762711865,0.009687898305084748,0.021307610169491526,0.008877745762711865,0.00017605767715960473,R
860.0,0.0009341375603375699,0.0020191213658254242,0.03751980126913446,0.0005484020267895481,9.736988224087936e-05,0.010243338983050845,0.009148372881355936,0.022169050847457624,0.010243338983050845,0.00020847789804661037,R
865.0,0.0010034779081214684,0.0023528151647793805,0.04051893023078504,0.0006540685319830511,0.00013751463322805952,0.010132338983050842,0.00902722033898306,0.02434149152542373,0.010132338983050842,0.0005102379357912429,R
870.0,0.0006043910399519773,0.0019106268531180798,0.042845286087090116,0.00041140764261638445,0.00012726171090428375,0.007721474576271178,0.0077792372881356105,0.025939610169491523,0.007721474576271178,0.0009445351646101688,R
875.0,0.0005221095117615818,0.0017866908689217528,0.04016795859576807,0.00037905335625028244,0.00012126520005574603,0.007045440677966094,0.007306050847457643,0.027279237288135597,0.007045440677966094,0.0010437397267220336,R
880.0,0.00044374038521073427,0.0013999877633480227,0.03402892707135451,0.0003195729860734464,9.013458224663678e-05,0.007071033898305079,0.007496661016949166,0.02776750847457627,0.007071033898305079,0.0008552993583864403,R
885.0,0.00020207026921807903,0.0011875583636604518,0.030433927446981635,0.00019783420199435042,7.336104042479408e-05,0.004208966101694908,0.006719440677966111,0.028666322033898302,0.004208966101694908,0.0006710155522033896,R
890.0,0.0005497273770570621,0.0007435011388279661,0.019031105591469775,0.00019627314038841808,4.85596706020723e-05,0.006035152542372878,0.0071170508474576325,0.03031703389830508,0.006035152542372878,0.000828595142591243,R
895.0,0.0004984795523836155,0.0005211029133242935,0.010744397627416385,0.00015986333063446327,4.655794290902652e-05,0.0051895762711864375,0.006583525423728806,0.027295610169491526,0.0051895762711864375,0.0006385835707669494,R
900.0,0.0005076405933206214,0.0005461027433206215,0.008881961658400848,0.00015426902548870054,4.9835197507038807e-05,0.004697762711864408,0.006699745762711849,0.027208084745762712,0.004697762711864408,0.0006177146511240112,R
905.0,0.0004870310336672313,0.0005637196408310736,0.00902567431651017,0.00015060136561581916,4.7549775207859136e-05,0.004550661016949154,0.0068016440677965955,0.025121050847457627,0.004550661016949154,0.0006405932101016952,R
910.0,0.00046347397775084725,0.0005775491735680795,0.011462363832266384,0.00014852919243107346,5.2786834018330336e-05,0.004283457627118647,0.0067925254237288036,0.02927647457627118,0.004283457627118647,0.0007893900346508472,R
915.0,0.0007317838375692087,0.005961369245458475,0.03165875716440537,0.0003797345840649717,0.00014515265472939042,0.004889576271186446,0.008061186440677957,0.02720128813559322,0.004889576271186446,0.0011537941777980231,R
920.0,0.0005758960199307909,0.008759310370862994,0.04356502061911157,0.0004495453052742936,0.0001593782572308383,0.0037812372881355985,0.008749728813559315,0.02357591525423729,0.0037812372881355985,0.0006992028284816385,R
925.0,0.000747638774086723,0.008501079464233613,0.04591993383360537,0.0005512084674742938,0.00015098120558995281,0.004044644067796614,0.008992491525423732,0.0215065593220339,0.004044644067796614,0.000669475301505085,R
930.0,0.0007751516755963275,0.007631787838053671,0.03997776754628873,0.0005123135396675142,0.0001705675500571463,0.00524710169491526,0.010582576271186446,0.018346525423728815,0.00524710169491526,0.0004947907529943506,R
935.0,0.000736858498626836,0.005952933755092655,0.031722249355847186,0.0004497114679367231,0.00015610574679767906,0.005472355932203395,0.010689949152542375,0.0173775593220339,0.005472355932203395,0.0004607605682968929,R
940.0,0.000568487519920904,0.033840541940287,0.016299378774034746,0.0002322905317079097,0.00012626230799681854,0.006490677966101691,0.016269457627118653,0.015417627118644067,0.006490677966101691,0.0024094523619920907,R
945.0,0.0006917649595782488,0.06893030651139068,0.019478051488718076,0.000267682810733051,0.00011502845849745452,0.007849084745762706,0.018716661016949163,0.013190118644067796,0.007849084745762706,0.005222404760952826,R
950.0,0.0006066683416596045,0.06993843034082485,0.019897157970429392,0.0002693823229875707,0.00011763355561113348,0.006757847457627115,0.018353491525423735,0.015710338983050846,0.006757847457627115,0.005036284856676839,R
955.0,0.000493434340662147,0.07106796437890366,0.019132175479061868,0.0002392408653918079,0.00011218359306591194,0.006417288135593216,0.019230644067796614,0.018354999999999996,0.006417288135593216,0.005026198291405647,R
960.0,0.00034657756353192093,0.07179763973009042,0.021838498216007907,0.00016106401030282488,8.757248404937058e-05,0.004965152542372875,0.017877694915254233,0.019634661016949155,0.004965152542372875,0.004855442362451979,R
965.0,0.0007936272800810737,0.07195921636073614,0.021291811169981634,0.00015764939035790962,7.754096695917943e-05,0.004919169491525422,0.018059457627118643,0.018859033898305087,0.004919169491525422,0.0047017825614079104,R
970.0,0.0007818752061536723,0.04356029890012742,0.018707760428331645,0.00017460126795197732,4.4416408924078447e-05,0.0038285423728813594,0.012613389830508467,0.01657479661016949,0.0038285423728813594,0.0025244353869355927,R
975.0,0.000875317749801977,0.0014852114182435019,0.014631182688007907,0.0001419571016401127,3.683169176473752e-05,0.0020016101694915263,0.008856067796610169,0.013559474576271185,0.0020016101694915263,0.0001494242011601694,R
980.0,0.0010193635391149715,0.0009995392877011297,0.013021199691435023,0.00013773519611723144,3.948396052366527e-05,0.001986796610169494,0.00830935593220339,0.010089135593220338,0.001986796610169494,0.0002269513898618646,R
985.0,0.00108971540874435,0.001062876765920904,0.014069902585585868,0.00011396443133531062,4.329851439401515e-05,0.002253355932203389,0.0082108813559322,0.00894706779661017,0.002253355932203389,0.0003133424551144064,R
990.0,0.0010471070469259885,0.0007178829916429381,0.006645614940928244,7.578018797259884e-05,4.3238448121516065e-05,0.002523203389830507,0.008809694915254235,0.006382762711864407,0.002523203389830507,0.00025005606451440675,R
995.0,0.0003713186293757064,0.011958603571310737,0.003982856756772598,7.75455530833333e-05,5.651226615510954e-05,0.0035845254237288075,0.019414118644067807,0.00549735593220339,0.0035845254237288075,0.0020559118049288143,R
1000.0,0.0003624875092429379,0.015035117094480788,0.004196716400933052,0.0001378461695759886,5.355579524480704e-05,0.00345067796610169,0.02198698305084746,0.005301203389830509,0.00345067796610169,0.0027296883270980215,R
1005.0,0.00034455299022909607,0.016041245343706215,0.004208837584318361,0.00016812246285621452,5.099030768208331e-05,0.003203440677966102,0.023715610169491523,0.005723983050847458,0.003203440677966102,0.003218630335322035,R
1010.0,0.000304263817328531,0.015037258679658192,0.006970840601751415,0.00015905139961129951,4.4420779531586584e-05,0.0029070169491525488,0.025086796610169493,0.007774237288135595,0.0029070169491525488,0.003191677365738701,R
1015.0,0.00047955722910367226,0.013327574327621468,0.015712151525192095,0.0002590745598392656,4.793978014082564e-05,0.0037598983050847567,0.026616915254237292,0.00901627118644068,0.0037598983050847567,0.002679408819572881,R
1020.0,0.0008176412549985876,0.01503190094961893,0.018711024726565825,0.00041240473601214696,4.5577248596103807e-05,0.003751762711864418,0.02328457627118645,0.011171542372881359,0.003751762711864418,0.002182882221477966,R
1025.0,0.0007257742245375708,0.010280548785856497,0.03304613702536724,0.0004661412889124294,4.55908470368264e-05,0.0032642033898305158,0.016595813559322038,0.014480796610169492,0.0032642033898305158,0.00041356273540112966,R
1030.0,0.000764172987852825,0.010012223008717515,0.03372631784376808,0.0004593537089759887,5.548893012903081e-05,0.003986864406779667,0.015601271186440682,0.014579372881355933,0.003986864406779667,0.0003912103735593221,R
1035.0,0.0008882150143451977,0.009177476694141243,0.035093352773198874,0.00046500504807909626,7.103996394678582e-05,0.004160813559322034,0.014291881355932207,0.015688728813559323,0.004160813559322034,0.00033009420632090417,R
1040.0,0.0009835829012709038,0.008232558690631355,0.03366265653622007,0.0004790493200627119,0.00010944984139466201,0.004192389830508467,0.014014457627118644,0.013621847457627116,0.004192389830508467,0.00039744375915254257,R
1045.0,0.001539289297646893,0.007003831432128527,0.03436106417102825,0.0005024824426257062,0.00011111856800344754,0.0051389661016949095,0.014400677966101696,0.01489316949152542,0.0051389661016949095,6.815839542627096e-05,R
1050.0,0.0014871356563225992,0.033082603514367245,0.04293990065202684,0.0014670956479274013,0.00017253682413164852,0.007945711864406771,0.023847237288135592,0.03104359322033898,0.007945711864406771,0.0024672423199491554,R
1055.0,0.0033473517508257064,0.03338563984136668,0.051344695518296915,0.0035234213261172314,0.0002737944828699727,0.009658457627118637,0.026079271186440683,0.03210938983050848,0.009658457627118637,0.0010913015339480137,R
1060.0,0.0038173229396629947,0.038454255110248026,0.0571928898808452,0.0048370036108042365,0.0004066441319432823,0.011265796610169488,0.02944164406779662,0.03991986440677967,0.011265796610169488,0.0014739966566997102,R
1065.0,0.0036196733825514128,0.04492226658617599,0.05030575106752515,0.004850029028494634,0.00044250465855582384,0.011744949152542367,0.03200635593220339,0.04287461016949152,0.011744949152542367,0.0006517989352497217,R
1070.0,0.003074106794853954,0.048695360306166946,0.04388797411063475,0.0037863449838968924,0.00043410124831059203,0.012214491525423726,0.033942559322033904,0.05334984745762713,0.012214491525423726,0.0006931513894915201,R
1075.0,0.002201683589192654,0.04250569841830227,0.0454221347976825,0.0021351632784734472,0.0003901643501463751,0.011535542372881352,0.029763033898305088,0.05374601694915255,0.011535542372881352,0.002119588632187853,R
1080.0,0.0013818639481963275,0.04162971289562684,0.04251265794686723,0.00012561619506384179,0.00015101876344155202,0.008829305084745762,0.026800796610169483,0.04915213559322035,0.008829305084745762,0.005562939318826835,R
1085.0,0.0018841763634223165,0.043717609216087576,0.04940731161548673,0.0026807681013884185,0.0004805052974465106,0.010221593220338982,0.029739152542372874,0.061294576271186445,0.010221593220338982,0.010448345228707625,R
1090.0,0.007496418520684463,0.044763478062494914,0.0553036859381842,0.004311106880925989,0.0008583238032546263,0.011174847457627117,0.026589779661016933,0.06137572881355933,0.011174847457627117,0.0152682900222599,R
1095.0,0.011446223761232766,0.053631475052435866,0.05784766827860452,0.0055509234069816395,0.0010842069189181363,0.014080830508474577,0.025400949152542367,0.05995877966101695,0.014080830508474577,0.018207446369908478,R
1100.0,0.00986141911936921,0.05006000930735253,0.060590424940257334,0.005169309985337571,0.001052970474040039,0.015205542372881357,0.02387494915254237,0.05337271186440679,0.015205542372881357,0.014714364313722037,R
1105.0,0.008748936265092372,0.02924599755098022,0.05506567812840396,0.004224463868378249,0.0006090666982725793,0.01513052542372881,0.02295954237288135,0.046307847457627116,0.01513052542372881,0.008720561642203393,R
1110.0,0.006410732091628249,0.017189113552470058,0.047998588875789554,0.0023857494882234464,0.0003122355937869227,0.015216220338983044,0.017554813559322036,0.03179523728813559,0.015216220338983044,0.004411269498331925,R
1115.0,0.005370100082469776,0.002718163360271186,0.041052454837421475,0.0009757915680361582,0.00010382784849968335,0.011453118644067792,0.013739847457627123,0.021157000000000002,0.011453118644067792,0.0003354303000090395,R
1120.0,0.003349983022147739,0.004332273955823447,0.03752806820577826,0.0007672660286553672,0.0001006131240218817,0.00914069491525423,0.015359254237288143,0.013656491525423732,0.00914069491525423,0.00042563261595678005,R
1125.0,0.00033818839505706205,0.0028251772426426567,0.034094670691977406,0.000478946020219209,8.331202504983369e-05,0.006104644067796598,0.014779033898305089,0.013435288135593224,0.006104644067796598,0.00022445492173644045,R
1130.0,0.0002728556405937854,0.002096661999311865,0.02481273414420508,0.0003492953369138421,8.027281807408194e-05,0.004835966101694903,0.014591508474576268,0.01686877966101695,0.004835966101694903,9.952879086694885e-05,R
1135.0,0.00032574153727118647,0.003214412725793787,0.02480468679973531,0.0003959902302629948,7.781455574510648e-05,0.005047627118644062,0.016184288135593212,0.01980728813559322,0.005047627118644062,0.00032127269708672325,R
1140.0,0.00037084584645819235,0.003350330809131639,0.0259043401780901,0.00035379139834209065,6.506507698611528e-05,0.005030644067796604,0.016421423728813552,0.023418525423728815,0.005030644067796604,0.0006151767904677963,R
1145.0,0.00043793126568785346,0.0031804633504384193,0.026869479407895473,0.0002887639135341809,5.457905117501143e-05,0.00511027118644067,0.016509152542372875,0.02268994915254238,0.00511027118644067,0.000705635967784463,R
1150.0,0.00037896669597062185,0.0018592644202683618,0.02747628620091385,0.000169929182510452,6.238705363746125e-05,0.0046993220338983005,0.013385101694915245,0.023772796610169494,0.0046993220338983005,0.0002174400476112993,R
1155.0,0.0004764212477274014,0.002810198870864971,0.027522574602725135,0.00035391323061214697,0.0001227350860467978,0.009114576271186437,0.01677510169491524,0.025079457627118645,0.009114576271186437,0.0002612108582076268,R
1160.0,0.0004526751842435032,0.002678090986435028,0.020917667243034746,0.000315148293642938,0.00010816684818328758,0.009706542372881353,0.01555133898305084,0.020458644067796607,0.009706542372881353,0.0003464479329675142,R
1165.0,0.0004229490140937856,0.0017291023403161005,0.022861142273991806,0.0003595440187838983,9.801151481877883e-05,0.00879467796610169,0.014120915254237285,0.0177895593220339,0.00879467796610169,4.690322616158235e-05,R
1170.0,0.0007477054058361589,0.002267083659418078,0.023771865238703668,0.00039337784135367215,0.0001004928036274341,0.00950447457627119,0.014489830508474567,0.017653338983050843,0.00950447457627119,8.895395319322055e-05,R
1175.0,0.0006997933008915259,0.0021526494139951966,0.02280966006999972,0.00036874033805141227,8.967929882030236e-05,0.009433644067796614,0.01401537288135592,0.020735694915254236,0.009433644067796614,0.0001416034798983052,R
1180.0,0.000679461972564407,0.0021260042306053663,0.022372933810096893,0.0003470070718223163,9.723251213291231e-05,0.008407169491525425,0.012538779661016939,0.01921927118644068,0.008407169491525425,0.00017203790983050861,R
1185.0,0.0005759376643036727,0.0009121980845985874,0.01852921765532514,0.0002347676882437852,4.753118880250513e-05,0.0037645084745762773,0.009389271186440671,0.01585177966101695,0.0037645084745762773,0.0002188405029211865,F
1190.0,0.0003478323387299437,0.0008409395412528246,0.018755900640840394,0.00012861375044830498,7.109825947882681e-05,0.003702593220338998,0.00928137288135593,0.016419237288135595,0.003702593220338998,0.00022168173473983052,F
1195.0,0.00033721200082683625,0.0008078094522497171,0.01634468527279859,7.30844691807908e-05,7.901159951480501e-05,0.0027176271186440818,0.008848983050847454,0.018324847457627115,0.0027176271186440818,0.00028361247799209055,F
1200.0,0.00011117183621101686,0.00048610900406045177,0.011729302634277402,1.8209755445197698e-05,6.621053572206976e-05,0.0019599491525423914,0.007928915254237286,0.01574733898305085,0.0019599491525423914,0.000183353891105085,F
1205.0,0.00015030677277824846,0.0005410444491632768,0.014009123798114687,1.614486891468921e-05,5.8279057092869714e-05,0.002294898305084758,0.00848864406779661,0.016482745762711866,0.002294898305084758,0.00016619660272090364,F
1210.0,0.0010363956098231638,0.0007201539049446328,0.020396529084032482,1.9784877994350216e-05,7.027804459330125e-05,0.0042516271186440815,0.009571440677966102,0.016928186440677964,0.0042516271186440815,0.0002311991196709038,F
1215.0,0.0014016766696836153,0.0009454726077217518,0.023964842519862996,2.137991111723158e-05,7.224238851299522e-05,0.004764067796610181,0.009445779661016947,0.020899694915254237,0.004764067796610181,0.000308642991391243,F
1220.0,0.001597918206575988,0.0010117564627225987,0.02499245490694095,1.694653754209035e-05,6.381667820652763e-05,0.005254983050847463,0.009380949152542367,0.021102542372881363,0.005254983050847463,0.0003665494371954804,F
1225.0,0.001685966097849434,0.0013366298485748588,0.028118193748168922,0.00012196181286299425,5.981566514439723e-05,0.007678474576271191,0.010387864406779659,0.022653576271186443,0.007678474576271191,0.0003609909887669492,F
1230.0,0.0015374666467197731,0.0017694111056129939,0.027365682592659323,0.0001819936789604519,8.842185217108549e-05,0.007592983050847456,0.010999881355932203,0.021253389830508475,0.007592983050847456,0.00032180108459435044,F
1235.0,0.0013420135476553672,0.0018273014252785306,0.027083774382056194,0.00020019154105847445,7.56332592967466e-05,0.007284898305084744,0.010817338983050848,0.019897237288135593,0.007284898305084744,0.00041439386450649703,F
1240.0,0.0008417827395545195,0.00155239662699774,0.02358617752981214,0.00018391232674802246,6.757514555522246e-05,0.0058983559322033875,0.011788152542372877,0.021944644067796608,0.0058983559322033875,0.00042655469844152575,F
1245.0,0.0004984816013375706,0.0011279357340923727,0.022201761233737842,0.00016995991563841797,8.665312726936354e-05,0.00640503389830508,0.011212135593220337,0.02021496610169491,0.00640503389830508,0.0003703385453954803,F
1250.0,0.0005621520206977402,0.0012837802600734467,0.02332379293960621,0.00015035860775564964,8.822142335275824e-05,0.006527050847457621,0.012738694915254242,0.023117152542372878,0.006527050847457621,0.0003018212512144065,F
1255.0,0.0008714369307443501,0.008219936798683332,0.02694785225400649,0.0007481634462231641,0.00015535681860048576,0.010877983050847454,0.020227322033898307,0.027035881355932205,0.010877983050847454,0.0022479480167144072,F
1260.0,0.0010630088416265537,0.009337348130132766,0.030143482429453115,0.001128522323667232,0.00017214014928287086,0.012278406779661013,0.021713186440677965,0.030523440677966102,0.012278406779661013,0.0019888396789415246,F
1265.0,0.001221201988626836,0.009506486308911584,0.03401396693465705,0.0011957603917581929,0.00016139550437400097,0.0141012033898305,0.023004101694915253,0.032778864406779656,0.0141012033898305,0.001845640388101695,F
1270.0,0.001338247382980226,0.010148049754591803,0.033806761173771474,0.0013446755100282488,0.00022168465386992,0.01461438983050847,0.02233118644067797,0.030840152542372882,0.01461438983050847,0.0017919519575822034,F
1275.0,0.001392447039662995,0.01067163179174859,0.03276457933780649,0.0014352697395398312,0.00023947310666098837,0.017086220338983046,0.025544050847457624,0.04223044067796611,0.017086220338983046,0.0027249396396398316,F
1280.0,0.0012292598126779663,0.0112113304442452,0.037342218509320624,0.0015000942666638423,0.00028012735902893025,0.018021423728813556,0.02278045762711864,0.04535810169491525,0.018021423728813556,0.0028787269888644077,F
1285.0,0.0010102543769477403,0.003019032886242937,0.03497425004589124,0.0011099522926892658,0.00023795773504475308,0.013035457627118639,0.016895881355932202,0.03739706779661017,0.013035457627118639,0.0016705132782042387,F
1290.0,0.00084102195335113,0.0036628510905805083,0.0355603719977209,0.0007748304049389832,0.00017269383828675172,0.012204694915254234,0.01563296610169492,0.03572552542372882,0.012204694915254234,0.0020389599096836157,F
1295.0,0.0011958662633285314,0.003694587733282485,0.03159465364682259,0.0011400897414403956,0.00021890670524820504,0.015253237288135595,0.014953220338983055,0.034650491525423724,0.015253237288135595,0.00203367570139322,F
1300.0,0.0012991066807316388,0.0034934257869556487,0.03051765141547428,0.0011118221490480228,0.0001987006630605141,0.015016118644067801,0.012614796610169496,0.03020228813559322,0.015016118644067801,0.0020800061235906786,F
1305.0,0.001252549857656215,0.0027073374957920894,0.030380258214298024,0.0010478143571466102,0.00018443443999682413,0.013466152542372885,0.011473627118644074,0.02590062711864407,0.013466152542372885,0.000961216413728814,F
1310.0,0.0007280478421341806,0.0020986896064675133,0.018849460775493487,0.0006141598197036723,0.00012841148488767674,0.011330355932203396,0.012102542372881357,0.02033649152542373,0.011330355932203396,0.00048076256813135633,F
1315.0,0.0006008059968446327,0.002238072861620057,0.01952974302485989,0.0006206685730867233,0.000143248233991893,0.011017779661016962,0.012540474576271185,0.020331237288135594,0.011017779661016962,0.0004523177310319213,F
1320.0,0.0005804834552610167,0.0008199712440338985,0.013321008969068642,0.00040381904841892656,0.00012983528199999526,0.010963559322033908,0.012755220338983048,0.01702037288135593,0.010963559322033908,0.00041948581142457633,F
1325.0,0.00031974946359971735,0.0013974958220214686,0.01626149881883927,0.00020915310686299464,0.00011507490075759444,0.006621186440677974,0.012419084745762714,0.01590664406779661,0.006621186440677974,0.00036995293390847453,F
1330.0,0.0005331842050926551,0.003994237281509603,0.024496348803627117,0.0003298649388064975,0.00011736860387479056,0.006618508474576278,0.018061000000000004,0.019357271186440674,0.006618508474576278,0.0003369974190836159,F
1335.0,0.0009343835785522599,0.007035330586035027,0.022187521684039264,0.0003896809154293785,0.0001268134143392768,0.007106389830508483,0.023362779661016953,0.021539779661016955,0.007106389830508483,0.0008336664129720344,F
1340.0,0.0012110767260155367,0.007358414747754801,0.024355461017630507,0.00040387481905282505,0.00015203721543618064,0.009032627118644077,0.02392738983050848,0.027376677966101697,0.009032627118644077,0.0007012889634463277,F
1345.0,0.0014613496172853108,0.00937619212074096,0.023543079341942934,0.0006615473544641245,0.00015818383860690584,0.011071694915254244,0.027402440677966114,0.031405101694915255,0.011071694915254244,0.001121449365340395,F
1350.0,0.001212077976575706,0.009597891729868361,0.025472959197027974,0.0007121620069446327,0.00016190598050107313,0.012005406779661025,0.027033067796610178,0.039622254237288136,0.012005406779661025,0.0008816306210211859,F
1355.0,0.0008163767166203392,0.007636100944959038,0.02281920165748588,0.0005578463264107349,0.00012333110817561277,0.011257152542372889,0.026849508474576272,0.045103254237288136,0.011257152542372889,0.0007084565542121468,F
1360.0,0.0005984252372697742,0.005498092620453953,0.01793986495419294,0.0004697671853141244,0.00018729407234162213,0.009608830508474584,0.020909898305084742,0.04384288135593221,0.009608830508474584,4.044186575932274e-05,F
1365.0,0.0005677915740494349,0.004339483257847173,0.021578939997554523,0.0004829271917084747,0.00018937287186975577,0.009681813559322043,0.017566440677966096,0.0378989152542373,0.009681813559322043,0.0005772259117652544,F
1370.0,0.000462653727371469,0.00432092101179774,0.02325911227793192,0.0004762717458403953,0.00015200234648016003,0.009083000000000004,0.017255237288135588,0.034006338983050846,0.009083000000000004,0.00047401415970169504,F
1375.0,0.0006939970031954805,0.0028624924845217503,0.03243799284348586,0.00034323815201892636,0.000145927346290108,0.009245728813559322,0.013356779661016945,0.03522725423728813,0.009245728813559322,0.0010229492718779665,F
1380.0,0.0006542269357056501,0.0027237605140994327,0.03173105862452992,0.00026518880330819185,0.00014527278482459252,0.008069779661016949,0.012728220338983043,0.03096216949152543,0.008069779661016949,0.0006853745692610175,F
1385.0,0.0007835081857387008,0.002574799371766948,0.03144729045487175,0.0002751198859977399,0.00014543560723666914,0.009297084745762713,0.012484898305084742,0.026876389830508475,0.009297084745762713,0.00016651417282683594,F
1390.0,0.0009662232777070625,0.001337748895241525,0.033148169897220046,0.00018529358123700547,9.967973317028565e-05,0.010860932203389824,0.01226013559322034,0.02718452542372881,0.010860932203389824,0.0005603666343751408,F
1395.0,0.0009947532659206216,0.0011803315578141243,0.032251421612653944,0.0002240740557545197,9.548604940796446e-05,0.011129423728813556,0.012517389830508477,0.02726596610169492,0.011129423728813556,0.0005702073272059324,F
1400.0,0.0010425201578519775,0.0012319870913319211,0.03136489051898079,0.00023704607958587577,8.553130108479785e-05,0.00988111864406779,0.012079474576271194,0.026021677966101695,0.00988111864406779,0.0006389990535694912,F
1405.0,0.001106160313829944,0.0012428923832177973,0.02783285215136921,0.0002615404117548025,7.857188879336146e-05,0.011644745762711864,0.01125950847457627,0.0259065593220339,0.011644745762711864,0.0005942632804025424,F
1410.0,0.0011729490670516955,0.0012341816826946332,0.028495056095098018,0.00026423492406299454,9.241609024805873e-05,0.011412254237288134,0.011424322033898303,0.024518474576271185,0.011412254237288134,0.0004850740225118649,F
1415.0,0.000979949796657345,0.0010125753568946327,0.028366673329137566,0.00018032286539858766,8.737294035754696e-05,0.009811644067796606,0.010788067796610167,0.023340474576271183,0.009811644067796606,0.0005625557424788136,F
1420.0,0.0007210260752485876,0.000974880299047458,0.02668943598348871,7.216102074661023e-05,5.533574834270324e-05,0.008294881355932208,0.010188457627118635,0.02076142372881356,0.008294881355932208,0.0005945204045048021,F
1425.0,0.0004971853307096045,0.0005305384329937855,0.021269600053449713,4.422638239293785e-05,2.1235680465371136e-05,0.005406016949152542,0.008469067796610158,0.018470169491525423,0.005406016949152542,0.0007000528420669493,F
1430.0,0.00043263131093079093,0.00043938250572598864,0.02075435898683107,3.61714715183616e-05,2.5691508441108147e-05,0.005016762711864411,0.007613830508474559,0.017777152542372884,0.005016762711864411,0.0006818759300429377,F
1435.0,0.00012186488173418086,0.0002664573177412427,0.01693106463875423,1.13045658257062e-05,2.716111418083674e-05,0.001166762711864412,0.007762050847457613,0.015837254237288136,0.001166762711864412,0.0004289655789680792,F
1440.0,9.258132689661019e-05,0.00020023374042655358,0.015607164933918075,1.1142761491242902e-05,2.7086582582789466e-05,0.0010868644067796628,0.007536406779661002,0.015443152542372881,0.0010868644067796628,0.0004088031141016952,F
1445.0,0.00015817928724632773,0.00029918014484039545,0.02045797997200424,1.7087170469491504e-05,3.0818613113563434e-05,0.001740084745762712,0.008524457627118634,0.01736779661016949,0.001740084745762712,0.0005355073970960451,F
1450.0,0.0002840181339522598,0.00040517281150141286,0.02430331604879096,0.0001278717047974576,3.958977117570125e-05,0.002871033898305082,0.008043033898305078,0.019793898305084746,0.002871033898305082,0.0006273316255627119,F
1455.0,0.00032012207370141254,0.000603128799470622,0.02534304722898701,0.0001848854082706215,4.039156973407517e-05,0.0030297796610169463,0.00852389830508474,0.017959457627118643,0.0030297796610169463,0.0005362149814757063,F
1460.0,0.00034453352015790964,0.0007141081662844637,0.024542743365862995,0.00020614759240197744,4.3199412085235846e-05,0.0029115423728813495,0.009962491525423727,0.015909254237288135,0.0029115423728813495,0.00047737442588135614,F
1465.0,0.0002934978865420904,0.000677095481279944,0.022415477676986165,0.00019064708064717522,3.26628607028866e-05,0.0030990338983050846,0.009601898305084748,0.013199508474576271,0.0030990338983050846,0.00043085125829830484,F
1470.0,0.00020171503176016952,0.0006647641053036724,0.022219057412709606,0.00012783010060988704,2.7398184406117883e-05,0.00413991525423729,0.010220661016949156,0.014657779661016947,0.00413991525423729,0.00044848480962627116,F
1475.0,0.00020394403064124292,0.0015067408590663843,0.012869600923321756,3.685004362457629e-05,2.755228223156016e-05,0.004550881355932208,0.012047389830508477,0.016260169491525422,0.004550881355932208,0.00014308605631864447,F
1480.0,0.00034145994213531075,0.0018184976017951967,0.008311161137551978,3.433134805423728e-05,3.9420160176665116e-05,0.005416101694915258,0.01124557627118645,0.014829796610169492,0.005416101694915258,0.0001106444772271183,F
1485.0,0.0007428772335861582,0.0018982085442186434,0.009267229108689264,0.00017266852880113003,6.594356868124756e-05,0.006882796610169496,0.011041118644067805,0.02102735593220339,0.006882796610169496,0.0002699138479878532,F
1490.0,0.001529491621977119,0.0018830531483488696,0.011112982349891245,0.0007193807968290963,0.00028722366164292054,0.010914796610169497,0.010779813559322041,0.023336966101694914,0.010914796610169497,0.00036670872988785305,F
1495.0,0.0016826251053853112,0.0022390513642844617,0.013340562169931071,0.0007104270630019777,0.00030396597429297546,0.012583932203389832,0.011365898305084748,0.0254924406779661,0.012583932203389832,0.0005128784398644073,F
1500.0,0.001698218036283334,0.002381340092185027,0.015339293397439543,0.0006517031403827688,0.0003271259283358393,0.012557135593220336,0.010693355932203389,0.02669194915254237,0.012557135593220336,0.0007124058687401128,F
1505.0,0.0015001597712994354,0.00238032658089435,0.023646519522300277,0.0005552753538435031,0.0003437887843350681,0.012562796610169489,0.009354169491525415,0.025857559322033898,0.012562796610169489,0.0006719539376703391,F
1510.0,0.0014228351963601698,0.003693137934789548,0.02340904523691949,0.0004719293069025426,0.0003345215902227424,0.010864796610169494,0.012991898305084735,0.024692016949152542,0.010864796610169494,0.0005419946957358765,F
1515.0,0.0012426875781612996,0.003634601579712994,0.02335417640717232,0.00047143159606977407,0.0003227176227417966,0.009441220338983054,0.013002254237288123,0.020661711864406778,0.009441220338983054,0.0002887388761466103,F
1520.0,0.0007403461457118645,0.003840189423759323,0.02405968136696497,0.0002182395145960451,0.00011810173339003455,0.006721661016949156,0.013769016949152528,0.019256271186440674,0.006721661016949156,0.00048433181899887036,F
1525.0,0.0007655671729748587,0.0037160784886463294,0.02793015576773502,0.00025924173130564967,0.00011815853921992681,0.006790372881355934,0.013867067796610151,0.020313254237288133,0.006790372881355934,0.0004917969460415256,F
1530.0,0.0013841878761463276,0.007167083772057345,0.04825220355417514,0.0008838114010774011,0.00013734446513193966,0.008136016949152546,0.020045338983050828,0.023241932203389833,0.008136016949152546,0.0011172636254053678,F
1535.0,0.0014534040568234467,0.0068712467699149704,0.04827205678178248,0.001035583689720621,0.00013568531272562277,0.007827542372881363,0.020286864406779643,0.022368796610169495,0.007827542372881363,0.0008634959303231637,F
1540.0,0.0016502973565977407,0.006508584790420055,0.04691439387575567,0.001320591047522599,0.00014924217487688606,0.00928530508474577,0.018164440677966086,0.025748949152542375,0.00928530508474577,0.00040151387105508444,F
1545.0,0.0016361329953909604,0.007014974881497739,0.04567047669227005,0.0014705292508200565,0.00017382639896917115,0.010001220338983057,0.01880747457627117,0.026539016949152547,0.010001220338983057,0.0004567025066245763,F
1550.0,0.0014526117247714693,0.00819048082992316,0.04735387036605963,0.0014527232789689267,0.0001832933726206225,0.011516305084745767,0.022354271186440663,0.027346525423728812,0.011516305084745767,0.0007506262364669488,F
1555.0,0.000993094540591526,0.0076957307501485835,0.049554244357782766,0.0012897879168960453,0.00016865402086106956,0.009934152542372883,0.02396084745762711,0.02381538983050847,0.009934152542372883,0.0005303892720406778,F
1560.0,0.0005827978049194917,0.004867219670892655,0.044154654603360474,0.0008532028220112993,0.00011936308231889324,0.010047966101694917,0.020242186440677965,0.021116661016949152,0.010047966101694917,0.0014540682728305084,F
1565.0,0.0006860307727240115,0.004879598067501412,0.03372011284374859,0.0008526743858539546,0.00023326940595603946,0.011335101694915252,0.021399779661016947,0.022112983050847454,0.011335101694915252,0.001109096606842937,F
1570.0,0.0005296632511129944,0.0031556890850028235,0.02410248110183926,0.0004741370939375706,0.00021599960763779723,0.010199627118644064,0.023489186440677965,0.020281322033898305,0.010199627118644064,0.0009736207152567794,F
1575.0,0.0004777458026765537,0.0024867762298367226,0.018382281041782484,0.0002994837498392655,0.00016017387938753485,0.009296423728813558,0.022307288135593226,0.017807016949152547,0.009296423728813558,0.0012007752976949159,F
1580.0,0.0005809065098451978,0.0019625021317330508,0.017988909371218924,0.00028421847507768366,0.0001582775850995145,0.010482864406779658,0.01907338983050847,0.01591957627118644,0.010482864406779658,0.0013175749140353103,F
1585.0,0.0007337146124152547,0.001888298541498305,0.01607238519445395,0.00031294038274576265,0.0001813928329246866,0.013089355932203393,0.018581508474576264,0.018847796610169488,0.013089355932203393,0.001421519101172599,F
1590.0,0.0006802092791073447,0.0017771426285093216,0.005656434400752259,0.00022979336534548021,0.00018911102259789372,0.012023203389830515,0.01746154237288135,0.011654694915254239,0.012023203389830515,0.00028163191499434967,F
1595.0,0.0005625407008471754,0.0020977164389683607,0.013210173807898023,0.00030629363547231633,0.00015145797953855186,0.012300220338983049,0.01550367796610169,0.013880305084745762,0.012300220338983049,0.00019117332528954768,F
1600.0,0.0004923530982968929,0.0021357692217259896,0.012984342251026838,0.00028834713198587557,0.00015058724195835143,0.012279271186440677,0.014507677966101697,0.012151745762711864,0.012279271186440677,0.0002020536076822036,F
1605.0,0.0004942565242765541,0.001999477728117233,0.013027764747908186,0.0002600749077689265,0.0001551452993625632,0.012301186440677962,0.013951084745762714,0.012462067796610169,0.012301186440677962,0.00017541800260141243,F
1610.0,0.000317430793246893,0.0014731787226327693,0.012657548157288985,0.00018673072849802243,0.00012406507806179062,0.008299949152542365,0.011189067796610174,0.010990559322033898,0.008299949152542365,0.00010230981292005682,F
1615.0,0.0002737759001872882,0.0014863570450977409,0.01516556948970819,0.00015475637368926555,0.0001136325940505109,0.00648869491525423,0.011304881355932205,0.008740745762711864,0.00648869491525423,0.00011381120275254236,F
1620.0,0.00035544002892768354,0.0017518514227655383,0.02642259551308785,0.0002794288390098869,0.00021189214686979124,0.006151847457627112,0.011235118644067794,0.01655464406779661,0.006151847457627112,0.006433688263658757,F
1625.0,0.00050652907134887,0.0014868172463703394,0.020546808901614408,0.00023484549169689277,0.00017375917478609795,0.00655701694915254,0.012093101694915256,0.016038389830508475,0.00655701694915254,0.006542516405823727,F
1630.0,0.0005092338348107344,0.0018817573703920902,0.03091005579841751,0.0003632395820062146,0.00021009873493737504,0.006783559322033896,0.01152008474576271,0.01771810169491525,0.006783559322033896,0.006439334434891244,F
1635.0,0.0005275579402833333,0.002383105966649434,0.03195643882781214,0.0003954344675141242,0.00021087411921730739,0.008092932203389833,0.01337130508474576,0.01995916949152542,0.008092932203389833,0.006223654704077967,F
1640.0,0.0004966533777706213,0.0024450236743073445,0.03206772014630281,0.0004072001174505649,0.00020924302535621747,0.008802508474576275,0.01383271186440678,0.02053079661016949,0.008802508474576275,0.0063161259064497205,F
1645.0,0.0003727813147615819,0.002515421648314124,0.02887960060453955,0.000383188629978531,0.00018727954049553756,0.0077917627118644075,0.014628254237288137,0.023431881355932205,0.0077917627118644075,0.006491465469406496,F
1650.0,0.0002923721466225988,0.0023524344725299423,0.016029859500163845,0.0002426065358480226,9.335899760335143e-05,0.006848186440677965,0.014887355932203396,0.014879813559322032,0.006848186440677965,0.0002696115753694915,F
1655.0,0.00013643944891271193,0.0021390059546429374,0.013766550342982482,0.00020285904103700548,0.0001028575332942148,0.005226288135593219,0.012901067796610169,0.013161796610169493,0.005226288135593219,0.00021161284364378522,F
1660.0,0.00015769916726977423,0.00168816477595452,0.0032904462045231626,0.00011630094009039554,7.171642096706977e-05,0.005324322033898306,0.01380577966101695,0.01078942372881356,0.005324322033898306,3.657444839067815e-05,F
1665.0,0.000405846972569209,0.002034541209400566,0.022652875143638417,0.00040489537003022603,0.00018898456148788215,0.005027406779661014,0.012062288135593225,0.014932881355932202,0.005027406779661014,0.0003860143506262709,F
1670.0,0.00043962073361327706,0.00210116259712486,0.025267366353308188,0.00041299298740536715,0.00019195620882498575,0.005731237288135593,0.013500271186440685,0.016547898305084748,0.005731237288135593,0.0003494552316748586,F
1675.0,0.0005467243604675144,0.002244482158087571,0.024821090630917232,0.00044840758097259897,0.00022397152721512263,0.009342305084745766,0.012803033898305088,0.013959474576271187,0.009342305084745766,0.00023989658557542373,F
1680.0,0.0006069217349079099,0.002358845517035876,0.02676800205624858,0.0005123941396559323,0.00024748269008058836,0.010369423728813562,0.013060881355932204,0.014017677966101694,0.010369423728813562,0.00020605256839915226,F
1685.0,0.0006222432248810736,0.002051835990778249,0.030393928296902822,0.0005257057436257064,0.00025123528108383166,0.011548457627118645,0.012724338983050852,0.01930767796610169,0.011548457627118645,0.00047574175992118626,F
1690.0,0.0005690518772514126,0.001973268849129378,0.030018770907604513,0.0005040259932463275,0.00023983511083816494,0.010703644067796609,0.01231874576271187,0.01767169491525424,0.010703644067796609,0.00046428346959802194,F
1695.0,0.00039896006796497194,0.001263087815456214,0.013499237409536721,0.00020474627017627115,0.00011681083944832048,0.00989725423728814,0.011685881355932203,0.013321745762711864,0.00989725423728814,0.00017034757423305076,F
1700.0,0.00034077439380310754,0.001304298483964688,0.011087165829807902,0.00020245399046214685,0.00011854606963253486,0.008861711864406782,0.011263983050847451,0.012144813559322036,0.008861711864406782,0.00019379955961016973,F
1705.0,0.0002878517696968929,0.0010769821622937847,0.012061514399099436,0.00013970838100056494,9.425643742497367e-05,0.004555322033898303,0.010149237288135592,0.014261559322033898,0.004555322033898303,0.00028658258561355945,F
1710.0,0.00022199564686073474,0.0016400934487045189,0.014614763107395474,0.0001033617855274011,9.053780795812101e-05,0.004724644067796611,0.010689999999999998,0.013771711864406778,0.004724644067796611,0.000292429640373164,F
1715.0,0.00025041063527853123,0.0017591082273254234,0.00979053383183164,0.00010000482827316384,7.673200440730226e-05,0.0033964915254237294,0.011421864406779659,0.009503118644067792,0.0033964915254237294,6.232145205310754e-05,F
1720.0,0.0003049254014067799,0.0016554875272844628,0.011050784151951414,0.00011241541509604517,7.804267943159408e-05,0.0038163728813559337,0.010493254237288129,0.010016610169491522,0.0038163728813559337,0.00011802791168728834,F
1725.0,0.0003146780969395482,0.0016096757466742932,0.026854289190111583,0.000174095165699435,8.359712096964845e-05,0.0036227966101694854,0.010031711864406774,0.01454530508474576,0.0036227966101694854,0.00040011054068474596,F
1730.0,0.0003676577371604521,0.0013572825959276833,0.03754076809085849,0.00021281834142090387,9.505453614741085e-05,0.003228508474576268,0.009086423728813558,0.016979627118644064,0.003228508474576268,0.0005939645554169492,F
1735.0,0.00055295460275452,0.0012909250046384177,0.03894528749420283,0.0002389720414878531,7.082670344051816e-05,0.00393849152542373,0.011816898305084738,0.018035084745762712,0.00393849152542373,0.0005042340003093224,F
1740.0,0.0006388398604689267,0.0012616474116392655,0.03736205368004973,0.00023737462603107328,5.746761665184979e-05,0.0031938983050847467,0.013435779661016937,0.018073203389830508,0.0031938983050847467,0.0003694612158974582,F
1745.0,0.0005922071246347459,0.001551928045043785,0.03642764008882911,0.00019409420763615804,3.337047182075175e-05,0.0032370508474576305,0.013525491525423717,0.02269176271186441,0.0032370508474576305,0.0004121377183050853,F
1750.0,0.0004984188768392655,0.0015376138770045195,0.035121787833069774,0.00014831449156045188,2.6453997322896762e-05,0.0030056440677966112,0.013394169491525413,0.022358999999999993,0.0030056440677966112,0.00027384435699322055,F
1755.0,0.0006122470666299434,0.0016241438470367222,0.026360249048711586,0.00019036688502542342,5.355344625929452e-05,0.004237983050847459,0.016184610169491513,0.01993733898305085,0.004237983050847459,0.00010870288882711934,F
1760.0,0.0004840193759180791,0.0015529500683468928,0.013129680709747746,0.00015038719714548004,5.083149567847037e-05,0.005272576271186438,0.015369101694915246,0.01593998305084746,0.005272576271186438,9.118665261949126e-05,F
1765.0,0.00033942074791384154,0.0013549465226683616,0.008653509027639266,0.00010206816232429376,4.4932432256706194e-05,0.004549508474576266,0.012755169491525425,0.012056237288135591,0.004549508474576266,9.34645258983055e-06,F
1770.0,0.0003659704860697739,0.0013953621145624297,0.01946108787060791,0.00016312763584604525,4.817944728324443e-05,0.004320983050847448,0.010126203389830519,0.015097864406779665,0.004320983050847448,0.00015206587916271198,F
1775.0,0.0004608288417307908,0.0010983061424717517,0.01978155623864124,0.00020116039215903954,5.279776107835253e-05,0.004311525423728803,0.010102355932203403,0.012387576271186444,0.004311525423728803,4.222074374915269e-05,F
1780.0,0.0006163212095903954,0.0016492768597115817,0.01811062728312995,0.00021146665348361577,6.794855906919877e-05,0.005565152542372877,0.012393135593220353,0.011929169491525424,0.005565152542372877,6.329678241214702e-05,F
1785.0,0.0006838563716581921,0.001459680935742091,0.029492246207500274,0.00032193040003361566,6.45420341302308e-05,0.005816067796610166,0.010700271186440688,0.013793610169491526,0.005816067796610166,0.0001351835636949151,F
1790.0,0.000659708365084463,0.0012896363393937852,0.03852223242027543,0.0004157417223107344,6.453033900901062e-05,0.005426457627118641,0.011310338983050849,0.01647881355932204,0.005426457627118641,0.0004762980867231636,F
1795.0,0.000629670528371469,0.0012995237381819204,0.03807749794397176,0.0003935518591197738,7.2789572458487e-05,0.005360542372881354,0.010972372881355925,0.021709254237288138,0.005360542372881354,0.0006192399490564974,F
1800.0,0.0006120725902361583,0.0011840909085259884,0.03787146212930734,0.00039193277398587545,8.771393148168552e-05,0.005323355932203389,0.010506813559322021,0.021889474576271186,0.005323355932203389,0.000832487998783333,F
1805.0,0.0005303068902299435,0.0014011014498449149,0.03449272624237148,0.00036024333860734453,9.507343385688724e-05,0.004740593220338982,0.009655847457627107,0.02526362711864407,0.004740593220338982,0.0009376279176225985,F
1810.0,0.0002530571732596045,0.0007305980138706222,0.026339176145001975,0.00010145850152429374,6.267454273880087e-05,0.003631135593220337,0.007918474576271175,0.027975033898305086,0.003631135593220337,0.0007548141509279659,F
1815.0,0.0004609665614957629,0.0006062375145915258,0.030209192646168087,0.0003924377980426552,8.178866188941438e-05,0.0032935762711864477,0.007924796610169486,0.0283442372881356,0.0032935762711864477,0.0009632703717378535,F
1820.0,0.0006159585974570627,0.0007139516450124297,0.03624418553836582,0.0005561781392132768,9.699490257687297e-05,0.004226542372881363,0.007123474576271181,0.026353881355932206,0.004226542372881363,0.0009683939129646898,F
1825.0,0.0007106437782166673,0.0008111312562079096,0.03866762628112431,0.0005985447272316383,9.495998709040939e-05,0.004324898305084757,0.006905474576271186,0.023421355932203392,0.004324898305084757,0.0009089005904000001,F
